lr-Adam,lr-Adam-1,step,train/kl_loss_step,train/loss/total_step,train/loss/nll_step,train/loss/rec_step,train/loss/g_step,train/scalars/logvar_step,train/scalars/d_weight_step,train/loss/disc_step,train/logits/real_step,train/logits/fake_step,epoch,val/loss/rec,val/kl_loss,val/loss/total,val/loss/nll,val/loss/g,val/scalars/logvar,val/scalars/d_weight,val/loss/disc,val/logits/real,val/logits/fake,val/metrics/psnr,val/metrics/ssim,val_ema/loss/rec,val_ema/kl_loss,val_ema/loss/total,val_ema/loss/nll,val_ema/loss/g,val_ema/scalars/logvar,val_ema/scalars/d_weight,val_ema/loss/disc,val_ema/logits/real,val_ema/logits/fake,val_ema/metrics/psnr,val_ema/metrics/ssim,train/kl_loss_epoch,train/loss/total_epoch,train/loss/nll_epoch,train/loss/rec_epoch,train/loss/g_epoch,train/scalars/logvar_epoch,train/scalars/d_weight_epoch,train/loss/disc_epoch,train/logits/real_epoch,train/logits/fake_epoch
0.00045,0.00045,30849,,,,,,,,,,,,,,,,,,,,,,,,,,,,,,,,,,,,,,,,,,,,,
,,30849,3597.5244140625,-27290.30078125,-29935.42578125,0.05917854234576225,-0.1904796063899994,-2.840043067932129,5000.0,0.9901571869850159,0.16602496802806854,0.14594905078411102,4,,,,,,,,,,,,,,,,,,,,,,,,,,,,,,,,,,
0.00045,0.00045,30899,,,,,,,,,,,,,,,,,,,,,,,,,,,,,,,,,,,,,,,,,,,,,
,,30899,3649.505859375,-25455.701171875,-29945.69140625,0.05914105474948883,0.1680968850851059,-2.8412039279937744,5000.0,1.0195207595825195,-0.051574043929576874,-0.01370355673134327,4,,,,,,,,,,,,,,,,,,,,,,,,,,,,,,,,,,
0.00045,0.00045,30949,,,,,,,,,,,,,,,,,,,,,,,,,,,,,,,,,,,,,,,,,,,,,
,,30949,3603.0,-26405.423828125,-30540.375,0.05702207237482071,0.10639023035764694,-2.8405447006225586,5000.0,0.9938462972640991,-0.13455165922641754,-0.1492353230714798,4,,,,,,,,,,,,,,,,,,,,,,,,,,,,,,,,,,
0.00045,0.00045,30999,,,,,,,,,,,,,,,,,,,,,,,,,,,,,,,,,,,,,,,,,,,,,
,,30999,3485.67578125,-27044.724609375,-29926.9609375,0.05920635908842087,-0.12068793177604675,-2.842773914337158,5000.0,1.0075016021728516,0.13614705204963684,0.1511051058769226,4,,,,,,,,,,,,,,,,,,,,,,,,,,,,,,,,,,
0.00045,0.00045,31049,,,,,,,,,,,,,,,,,,,,,,,,,,,,,,,,,,,,,,,,,,,,,
,,31049,3508.65576171875,-26215.712890625,-30011.96484375,0.05890586972236633,0.057518988847732544,-2.839487314224243,5000.0,0.9747722148895264,-0.11737693101167679,-0.1680968552827835,4,,,,,,,,,,,,,,,,,,,,,,,,,,,,,,,,,,
0.00045,0.00045,31099,,,,,,,,,,,,,,,,,,,,,,,,,,,,,,,,,,,,,,,,,,,,,
,,31099,3488.7861328125,-27759.6015625,-30421.25390625,0.05744475871324539,-0.16542652249336243,-2.8386788368225098,5000.0,0.9880187511444092,0.10279577225446701,0.07868936657905579,4,,,,,,,,,,,,,,,,,,,,,,,,,,,,,,,,,,
0.00045,0.00045,31149,,,,,,,,,,,,,,,,,,,,,,,,,,,,,,,,,,,,,,,,,,,,,
,,31149,3546.84912109375,-25444.21484375,-29785.50390625,0.05971377342939377,0.158888041973114,-2.839542865753174,5000.0,0.9882574081420898,-0.12595762312412262,-0.14962387084960938,4,,,,,,,,,,,,,,,,,,,,,,,,,,,,,,,,,,
0.00045,0.00045,31199,,,,,,,,,,,,,,,,,,,,,,,,,,,,,,,,,,,,,,,,,,,,,
,,31199,3601.52001953125,-24801.40625,-29425.72265625,0.06099998205900192,0.20455947518348694,-2.838496446609497,5000.0,1.004847526550293,-0.22946983575820923,-0.22040386497974396,4,,,,,,,,,,,,,,,,,,,,,,,,,,,,,,,,,,
0.00045,0.00045,31249,,,,,,,,,,,,,,,,,,,,,,,,,,,,,,,,,,,,,,,,,,,,,
,,31249,3552.81640625,-26106.220703125,-29986.412109375,0.05899794027209282,0.06547492742538452,-2.837644577026367,5000.0,0.9996824264526367,-0.012434538453817368,-0.013288130052387714,4,,,,,,,,,,,,,,,,,,,,,,,,,,,,,,,,,,
0.00045,0.00045,31299,,,,,,,,,,,,,,,,,,,,,,,,,,,,,,,,,,,,,,,,,,,,,
,,31299,3487.38232421875,-25435.666015625,-29077.896484375,0.06223350018262863,0.03096935711801052,-2.8407928943634033,5000.0,1.0073654651641846,-0.05328638106584549,-0.038664694875478745,4,,,,,,,,,,,,,,,,,,,,,,,,,,,,,,,,,,
0.00045,0.00045,31349,,,,,,,,,,,,,,,,,,,,,,,,,,,,,,,,,,,,,,,,,,,,,
,,31349,3679.662353515625,-25408.095703125,-30041.34765625,0.058800116181373596,0.1907181441783905,-2.8417394161224365,5000.0,1.0117566585540771,-0.051758550107479095,-0.028310053050518036,4,,,,,,,,,,,,,,,,,,,,,,,,,,,,,,,,,,
0.00045,0.00045,31399,,,,,,,,,,,,,,,,,,,,,,,,,,,,,,,,,,,,,,,,,,,,,
,,31399,3566.64013671875,-25995.328125,-29777.767578125,0.059733398258686066,0.04315977171063423,-2.8450615406036377,5000.0,1.0399643182754517,-0.00013743173622060567,0.07936789095401764,4,,,,,,,,,,,,,,,,,,,,,,,,,,,,,,,,,,
0.00045,0.00045,31449,,,,,,,,,,,,,,,,,,,,,,,,,,,,,,,,,,,,,,,,,,,,,
,,31449,3508.94677734375,-24875.873046875,-30487.873046875,0.05721503496170044,0.4206107556819916,-2.846311330795288,5000.0,0.9798520803451538,-0.3815244138240814,-0.4244433045387268,4,,,,,,,,,,,,,,,,,,,,,,,,,,,,,,,,,,
0.00045,0.00045,31499,,,,,,,,,,,,,,,,,,,,,,,,,,,,,,,,,,,,,,,,,,,,,
,,31499,3507.0419921875,-26778.359375,-30328.71875,0.05777770280838013,0.008663316257297993,-2.842862129211426,5000.0,0.9805065393447876,0.11425256729125977,0.07432691007852554,4,,,,,,,,,,,,,,,,,,,,,,,,,,,,,,,,,,
0.00045,0.00045,31549,,,,,,,,,,,,,,,,,,,,,,,,,,,,,,,,,,,,,,,,,,,,,
,,31549,3532.224853515625,-26403.826171875,-30390.04296875,0.05755916237831116,0.09079836308956146,-2.8421969413757324,5000.0,1.008859395980835,-0.09353933483362198,-0.07586999982595444,4,,,,,,,,,,,,,,,,,,,,,,,,,,,,,,,,,,
0.00045,0.00045,31599,,,,,,,,,,,,,,,,,,,,,,,,,,,,,,,,,,,,,,,,,,,,,
,,31599,3589.070556640625,-25638.943359375,-30015.21875,0.058892276138067245,0.15744110941886902,-2.8431475162506104,5000.0,1.0121654272079468,-0.25124579668045044,-0.22905611991882324,4,,,,,,,,,,,,,,,,,,,,,,,,,,,,,,,,,,
0.00045,0.00045,31649,,,,,,,,,,,,,,,,,,,,,,,,,,,,,,,,,,,,,,,,,,,,,
,,31649,3582.0986328125,-26982.78515625,-30537.01953125,0.05704130604863167,-0.0055726864375174046,-2.846743106842041,5000.0,0.9794820547103882,0.07815174758434296,0.03695162385702133,4,,,,,,,,,,,,,,,,,,,,,,,,,,,,,,,,,,
0.00045,0.00045,31699,,,,,,,,,,,,,,,,,,,,,,,,,,,,,,,,,,,,,,,,,,,,,
,,31699,3521.158203125,-27393.4921875,-29946.9765625,0.05912916362285614,-0.19353492558002472,-2.848583698272705,5000.0,0.9987965822219849,0.15445609390735626,0.15194053947925568,4,,,,,,,,,,,,,,,,,,,,,,,,,,,,,,,,,,
0.00045,0.00045,31749,,,,,,,,,,,,,,,,,,,,,,,,,,,,,,,,,,,,,,,,,,,,,
,,31749,3528.591796875,-27920.70703125,-30879.48046875,0.0558328852057457,-0.11396357417106628,-2.8488872051239014,5000.0,0.9819273948669434,0.17611923813819885,0.13950258493423462,4,,,,,,,,,,,,,,,,,,,,,,,,,,,,,,,,,,
0.00045,0.00045,31799,,,,,,,,,,,,,,,,,,,,,,,,,,,,,,,,,,,,,,,,,,,,,
,,31799,3580.56591796875,-24708.6328125,-30061.744140625,0.05872367322444916,0.3545091152191162,-2.8482282161712646,5000.0,1.0118086338043213,-0.3497501611709595,-0.32656121253967285,4,,,,,,,,,,,,,,,,,,,,,,,,,,,,,,,,,,
0.00045,0.00045,31849,,,,,,,,,,,,,,,,,,,,,,,,,,,,,,,,,,,,,,,,,,,,,
,,31849,3594.6875,-26243.1328125,-29746.90234375,0.05983877182006836,-0.018183540552854538,-2.847388982772827,5000.0,0.9916046857833862,0.12141934037208557,0.10432733595371246,4,,,,,,,,,,,,,,,,,,,,,,,,,,,,,,,,,,
0.00045,0.00045,31899,,,,,,,,,,,,,,,,,,,,,,,,,,,,,,,,,,,,,,,,,,,,,
,,31899,3544.21240234375,-27374.748046875,-30955.455078125,0.05556071549654007,0.00729893334209919,-2.8473618030548096,5000.0,0.9762383699417114,0.09375346451997757,0.04577728733420372,4,,,,,,,,,,,,,,,,,,,,,,,,,,,,,,,,,,
0.00045,0.00045,31949,,,,,,,,,,,,,,,,,,,,,,,,,,,,,,,,,,,,,,,,,,,,,
,,31949,3547.27978515625,-26188.66015625,-30511.15625,0.057135485112667084,0.16478362679481506,-2.8499186038970947,4704.44921875,0.9947696924209595,-0.1702486127614975,-0.18089456856250763,4,,,,,,,,,,,,,,,,,,,,,,,,,,,,,,,,,,
0.00045,0.00045,31999,,,,,,,,,,,,,,,,,,,,,,,,,,,,,,,,,,,,,,,,,,,,,
,,31999,3527.4248046875,-27841.19140625,-30571.248046875,0.05692017078399658,-0.15947328507900238,-2.8468289375305176,5000.0,0.9828423261642456,0.28680551052093506,0.25165417790412903,4,,,,,,,,,,,,,,,,,,,,,,,,,,,,,,,,,,
0.00045,0.00045,32049,,,,,,,,,,,,,,,,,,,,,,,,,,,,,,,,,,,,,,,,,,,,,
,,32049,3574.802490234375,-26085.82421875,-29861.6796875,0.059432126581668854,0.04021046683192253,-2.847635507583618,5000.0,0.997394323348999,-0.0700487494468689,-0.07645159214735031,4,,,,,,,,,,,,,,,,,,,,,,,,,,,,,,,,,,
0.00045,0.00045,32099,,,,,,,,,,,,,,,,,,,,,,,,,,,,,,,,,,,,,,,,,,,,,
,,32099,3493.521728515625,-26871.302734375,-30530.12890625,0.05706678703427315,0.033061057329177856,-2.8478856086730957,5000.0,1.0102381706237793,-0.03645011782646179,-0.01631382293999195,4,,,,,,,,,,,,,,,,,,,,,,,,,,,,,,,,,,
0.00045,0.00045,32149,,,,,,,,,,,,,,,,,,,,,,,,,,,,,,,,,,,,,,,,,,,,,
,,32149,3564.65673828125,-27504.310546875,-30648.44921875,0.05665050446987152,-0.08410368859767914,-2.849731922149658,5000.0,0.9863194227218628,0.10259054601192474,0.07473045587539673,4,,,,,,,,,,,,,,,,,,,,,,,,,,,,,,,,,,
0.00045,0.00045,32199,,,,,,,,,,,,,,,,,,,,,,,,,,,,,,,,,,,,,,,,,,,,,
,,32199,3486.183349609375,-25317.798828125,-30369.4453125,0.057635992765426636,0.3130924105644226,-2.8506932258605957,5000.0,0.9621652364730835,-0.13278314471244812,-0.21002323925495148,4,,,,,,,,,,,,,,,,,,,,,,,,,,,,,,,,,,
0.00045,0.00045,32249,,,,,,,,,,,,,,,,,,,,,,,,,,,,,,,,,,,,,,,,,,,,,
,,32249,3593.53955078125,-27102.4375,-30355.013671875,0.057686761021614075,-0.06819267570972443,-2.849689245223999,5000.0,1.0089478492736816,0.16751393675804138,0.1846371591091156,4,,,,,,,,,,,,,,,,,,,,,,,,,,,,,,,,,,
0.00045,0.00045,32299,,,,,,,,,,,,,,,,,,,,,,,,,,,,,,,,,,,,,,,,,,,,,
,,32299,3613.884521484375,-29010.048828125,-30406.6796875,0.05750488117337227,-0.44345059990882874,-2.851632595062256,5000.0,0.9915438890457153,0.40399932861328125,0.3857022821903229,4,,,,,,,,,,,,,,,,,,,,,,,,,,,,,,,,,,
0.00045,0.00045,32349,,,,,,,,,,,,,,,,,,,,,,,,,,,,,,,,,,,,,,,,,,,,,
,,32349,3600.772705078125,-27301.046875,-29980.90234375,0.058999065309762955,-0.18418364226818085,-2.8563709259033203,5000.0,1.0277615785598755,0.06637468934059143,0.12085966020822525,4,,,,,,,,,,,,,,,,,,,,,,,,,,,,,,,,,,
0.00045,0.00045,32399,,,,,,,,,,,,,,,,,,,,,,,,,,,,,,,,,,,,,,,,,,,,,
,,32399,3572.0693359375,-25691.6875,-29288.5859375,0.061435896903276443,0.0049658045172691345,-2.854288101196289,5000.0,1.0211554765701294,-0.1522345095872879,-0.11036200821399689,4,,,,,,,,,,,,,,,,,,,,,,,,,,,,,,,,,,
0.00045,0.00045,32449,,,,,,,,,,,,,,,,,,,,,,,,,,,,,,,,,,,,,,,,,,,,,
,,32449,3622.322509765625,-27417.341796875,-30661.21484375,0.05661029368638992,-0.07568967342376709,-2.854055881500244,5000.0,1.0040576457977295,0.11150692403316498,0.11905975639820099,4,,,,,,,,,,,,,,,,,,,,,,,,,,,,,,,,,,
0.00045,0.00045,32499,,,,,,,,,,,,,,,,,,,,,,,,,,,,,,,,,,,,,,,,,,,,,
,,32499,3560.81201171875,-26118.90234375,-30099.896484375,0.05858404189348221,0.08403642475605011,-2.854041814804077,5000.0,0.974494993686676,0.02478664182126522,-0.02644440531730652,4,,,,,,,,,,,,,,,,,,,,,,,,,,,,,,,,,,
0.00045,0.00045,32549,,,,,,,,,,,,,,,,,,,,,,,,,,,,,,,,,,,,,,,,,,,,,
,,32549,3516.591552734375,-27439.7265625,-30159.51171875,0.0583760142326355,-0.15936127305030823,-2.8517520427703857,5000.0,0.976561963558197,0.145273357629776,0.09811294823884964,4,,,,,,,,,,,,,,,,,,,,,,,,,,,,,,,,,,
0.00045,0.00045,32599,,,,,,,,,,,,,,,,,,,,,,,,,,,,,,,,,,,,,,,,,,,,,
,,32599,3643.9638671875,-25728.1796875,-30494.6015625,0.057196244597435,0.224491685628891,-2.8542838096618652,5000.0,0.9714721441268921,-0.035915669053792953,-0.09396333247423172,4,,,,,,,,,,,,,,,,,,,,,,,,,,,,,,,,,,
0.00045,0.00045,32649,,,,,,,,,,,,,,,,,,,,,,,,,,,,,,,,,,,,,,,,,,,,,
,,32649,3546.126953125,-26794.017578125,-30670.1171875,0.05657884478569031,0.06599465757608414,-2.8539183139801025,5000.0,0.9734410643577576,0.1554025262594223,0.10082703828811646,4,,,,,,,,,,,,,,,,,,,,,,,,,,,,,,,,,,
,,32668,,,,,,,,,,,4,0.05786403641104698,3561.18310546875,-26743.220703125,-30304.720703125,0.3095901906490326,-2.8533453941345215,1.0,1.0208882093429565,-0.3495032787322998,-0.3095901906490326,31.793437957763672,0.8661431670188904,0.057844895869493484,3561.18310546875,-26748.6484375,-30310.134765625,0.3096659779548645,-2.8533453941345215,1.0,1.0208534002304077,-0.3495032787322998,-0.3096659779548645,31.79450035095215,0.8661133646965027,,,,,,,,,,
,,32668,,,,,,,,,,,4,,,,,,,,,,,,,,,,,,,,,,,,,3565.867919921875,-26649.34765625,-30274.515625,0.05797124654054642,0.011562393046915531,-2.8464157581329346,4963.10009765625,0.9979445338249207,0.010631196200847626,0.005780224222689867
0.00045,0.00045,32699,,,,,,,,,,,,,,,,,,,,,,,,,,,,,,,,,,,,,,,,,,,,,
,,32699,3563.853515625,-25666.107421875,-30141.86328125,0.05843789130449295,0.18238064646720886,-2.8522140979766846,5000.0,0.994460940361023,-0.2199958860874176,-0.23153594136238098,5,,,,,,,,,,,,,,,,,,,,,,,,,,,,,,,,,,
0.00045,0.00045,32749,,,,,,,,,,,,,,,,,,,,,,,,,,,,,,,,,,,,,,,,,,,,,
,,32749,3647.346923828125,-26085.029296875,-30235.078125,0.05810948833823204,0.10054011642932892,-2.85227370262146,5000.0,1.0008132457733154,-0.08312269300222397,-0.0815659761428833,5,,,,,,,,,,,,,,,,,,,,,,,,,,,,,,,,,,
0.00045,0.00045,32799,,,,,,,,,,,,,,,,,,,,,,,,,,,,,,,,,,,,,,,,,,,,,
,,32799,3510.874267578125,-27207.255859375,-30628.4765625,0.05672523379325867,-0.01793082058429718,-2.853853464126587,5000.0,0.9551771879196167,0.2954030930995941,0.20457881689071655,5,,,,,,,,,,,,,,,,,,,,,,,,,,,,,,,,,,
0.00045,0.00045,32849,,,,,,,,,,,,,,,,,,,,,,,,,,,,,,,,,,,,,,,,,,,,,
,,32849,3581.80517578125,-27031.294921875,-30331.765625,0.057768937200307846,-0.056266799569129944,-2.851486921310425,5000.0,0.990038275718689,0.08345302194356918,0.06350664049386978,5,,,,,,,,,,,,,,,,,,,,,,,,,,,,,,,,,,
0.00045,0.00045,32899,,,,,,,,,,,,,,,,,,,,,,,,,,,,,,,,,,,,,,,,,,,,,
,,32899,3605.8955078125,-26231.83203125,-31037.318359375,0.05528711527585983,0.23991787433624268,-2.853754997253418,5000.0,0.9748790264129639,0.21329297125339508,0.14022712409496307,5,,,,,,,,,,,,,,,,,,,,,,,,,,,,,,,,,,
0.00045,0.00045,32949,,,,,,,,,,,,,,,,,,,,,,,,,,,,,,,,,,,,,,,,,,,,,
,,32949,3576.59716796875,-26578.1875,-30853.2578125,0.05594347417354584,0.13969440758228302,-2.859649896621704,5000.0,0.9716464281082153,0.09541789442300797,0.03806297108530998,5,,,,,,,,,,,,,,,,,,,,,,,,,,,,,,,,,,
0.00045,0.00045,32999,,,,,,,,,,,,,,,,,,,,,,,,,,,,,,,,,,,,,,,,,,,,,
,,32999,3613.679443359375,-26283.916015625,-30251.66015625,0.05804591625928879,0.07081287354230881,-2.8610525131225586,5000.0,1.001436710357666,-0.23537588119506836,-0.23347130417823792,5,,,,,,,,,,,,,,,,,,,,,,,,,,,,,,,,,,
0.00045,0.00045,33049,,,,,,,,,,,,,,,,,,,,,,,,,,,,,,,,,,,,,,,,,,,,,
,,33049,3589.187255859375,-26609.78125,-30906.75390625,0.05576033890247345,0.14155687391757965,-2.8623530864715576,5000.0,0.9885969161987305,-0.15871085226535797,-0.1823319047689438,5,,,,,,,,,,,,,,,,,,,,,,,,,,,,,,,,,,
0.00045,0.00045,33099,,,,,,,,,,,,,,,,,,,,,,,,,,,,,,,,,,,,,,,,,,,,,
,,33099,3622.455078125,-27009.572265625,-30005.22265625,0.058900587260723114,-0.12536074221134186,-2.864312171936035,5000.0,0.9819207191467285,0.20801399648189545,0.17142994701862335,5,,,,,,,,,,,,,,,,,,,,,,,,,,,,,,,,,,
0.00045,0.00045,33149,,,,,,,,,,,,,,,,,,,,,,,,,,,,,,,,,,,,,,,,,,,,,
,,33149,3611.845703125,-27364.67578125,-30512.23046875,0.057136114686727524,-0.09285829216241837,-2.8627371788024902,5000.0,1.002842664718628,0.08448333293199539,0.08996203541755676,5,,,,,,,,,,,,,,,,,,,,,,,,,,,,,,,,,,
0.00045,0.00045,33199,,,,,,,,,,,,,,,,,,,,,,,,,,,,,,,,,,,,,,,,,,,,,
,,33199,3563.86865234375,-27625.939453125,-29572.44140625,0.060418643057346344,-0.32347363233566284,-2.8607170581817627,5000.0,1.03658926486969,0.14777205884456635,0.22025452554225922,5,,,,,,,,,,,,,,,,,,,,,,,,,,,,,,,,,,
0.00045,0.00045,33249,,,,,,,,,,,,,,,,,,,,,,,,,,,,,,,,,,,,,,,,,,,,,
,,33249,3577.19775390625,-24693.068359375,-30786.634765625,0.05617683380842209,0.5032738447189331,-2.8600258827209473,5000.0,0.9564894437789917,-0.10620313882827759,-0.20837020874023438,5,,,,,,,,,,,,,,,,,,,,,,,,,,,,,,,,,,
0.00045,0.00045,33299,,,,,,,,,,,,,,,,,,,,,,,,,,,,,,,,,,,,,,,,,,,,,
,,33299,3561.603515625,-26827.62890625,-30583.078125,0.05688867345452309,0.03876916319131851,-2.860976457595825,5000.0,0.9587286114692688,0.06723999977111816,-0.015376534312963486,5,,,,,,,,,,,,,,,,,,,,,,,,,,,,,,,,,,
0.00045,0.00045,33349,,,,,,,,,,,,,,,,,,,,,,,,,,,,,,,,,,,,,,,,,,,,,
,,33349,3572.16650390625,-26370.6328125,-30107.888671875,0.058546487241983414,0.03301790729165077,-2.8621044158935547,5000.0,1.0578007698059082,-0.20569327473640442,-0.09017567336559296,5,,,,,,,,,,,,,,,,,,,,,,,,,,,,,,,,,,
0.00045,0.00045,33399,,,,,,,,,,,,,,,,,,,,,,,,,,,,,,,,,,,,,,,,,,,,,
,,33399,3595.28369140625,-27201.994140625,-30789.7265625,0.056165825575590134,-0.001510128378868103,-2.859837770462036,5000.0,1.0129365921020508,0.036125682294368744,0.061774127185344696,5,,,,,,,,,,,,,,,,,,,,,,,,,,,,,,,,,,
0.00045,0.00045,33449,,,,,,,,,,,,,,,,,,,,,,,,,,,,,,,,,,,,,,,,,,,,,
,,33449,3621.0654296875,-24949.22265625,-30448.61328125,0.057357896119356155,0.37566471099853516,-2.8626747131347656,5000.0,0.9942013025283813,-0.382269024848938,-0.394702285528183,5,,,,,,,,,,,,,,,,,,,,,,,,,,,,,,,,,,
0.00045,0.00045,33499,,,,,,,,,,,,,,,,,,,,,,,,,,,,,,,,,,,,,,,,,,,,,
,,33499,3601.83837890625,-28161.12890625,-30938.7578125,0.055651672184467316,-0.16484174132347107,-2.864405632019043,5000.0,1.0026726722717285,0.5189531445503235,0.47653111815452576,5,,,,,,,,,,,,,,,,,,,,,,,,,,,,,,,,,,
0.00045,0.00045,33549,,,,,,,,,,,,,,,,,,,,,,,,,,,,,,,,,,,,,,,,,,,,,
,,33549,3647.080322265625,-26207.908203125,-31225.736328125,0.05465377867221832,0.27414968609809875,-2.86474871635437,5000.0,0.9973107576370239,-0.21723590791225433,-0.22388975322246552,5,,,,,,,,,,,,,,,,,,,,,,,,,,,,,,,,,,
0.00045,0.00045,33599,,,,,,,,,,,,,,,,,,,,,,,,,,,,,,,,,,,,,,,,,,,,,
,,33599,3629.922607421875,-27618.7890625,-30479.74609375,0.05724811926484108,-0.15379294753074646,-2.867349147796631,5000.0,1.0145068168640137,0.09429788589477539,0.12292037159204483,5,,,,,,,,,,,,,,,,,,,,,,,,,,,,,,,,,,
0.00045,0.00045,33649,,,,,,,,,,,,,,,,,,,,,,,,,,,,,,,,,,,,,,,,,,,,,
,,33649,3668.613037109375,-28981.7265625,-30685.44921875,0.0565343014895916,-0.3929781913757324,-2.8671350479125977,5000.0,1.0409488677978516,0.2372492551803589,0.3189269006252289,5,,,,,,,,,,,,,,,,,,,,,,,,,,,,,,,,,,
0.00045,0.00045,33699,,,,,,,,,,,,,,,,,,,,,,,,,,,,,,,,,,,,,,,,,,,,,
,,33699,3607.05224609375,-27178.728515625,-30648.7890625,0.056661173701286316,-0.027398403733968735,-2.865678310394287,5000.0,0.9958159327507019,-0.01460796594619751,-0.02570434659719467,5,,,,,,,,,,,,,,,,,,,,,,,,,,,,,,,,,,
0.00045,0.00045,33749,,,,,,,,,,,,,,,,,,,,,,,,,,,,,,,,,,,,,,,,,,,,,
,,33749,3611.45849609375,-26456.09765625,-30000.24609375,0.05891922488808632,-0.013462183065712452,-2.8636038303375244,5000.0,1.0335404872894287,-0.04950907826423645,0.01690821535885334,5,,,,,,,,,,,,,,,,,,,,,,,,,,,,,,,,,,
0.00045,0.00045,33799,,,,,,,,,,,,,,,,,,,,,,,,,,,,,,,,,,,,,,,,,,,,,
,,33799,3626.9814453125,-26975.26171875,-30349.34375,0.05770334228873253,-0.0505797378718853,-2.8636605739593506,5000.0,1.0136929750442505,0.058713141828775406,0.08605487644672394,5,,,,,,,,,,,,,,,,,,,,,,,,,,,,,,,,,,
0.00045,0.00045,33849,,,,,,,,,,,,,,,,,,,,,,,,,,,,,,,,,,,,,,,,,,,,,
,,33849,3565.740234375,-26400.142578125,-30455.078125,0.05733415111899376,0.09783895313739777,-2.8663928508758545,5000.0,0.9905849695205688,-0.16307605803012848,-0.18236945569515228,5,,,,,,,,,,,,,,,,,,,,,,,,,,,,,,,,,,
0.00045,0.00045,33899,,,,,,,,,,,,,,,,,,,,,,,,,,,,,,,,,,,,,,,,,,,,,
,,33899,3644.79150390625,-27449.357421875,-30104.625,0.05855395644903183,-0.19790486991405487,-2.8647406101226807,5000.0,1.0097101926803589,0.09481939673423767,0.11374004185199738,5,,,,,,,,,,,,,,,,,,,,,,,,,,,,,,,,,,
0.00045,0.00045,33949,,,,,,,,,,,,,,,,,,,,,,,,,,,,,,,,,,,,,,,,,,,,,
,,33949,3604.739501953125,-27273.306640625,-30105.1484375,0.0585484579205513,-0.1545795053243637,-2.8670156002044678,5000.0,0.9840617179870605,0.3143569231033325,0.28197991847991943,5,,,,,,,,,,,,,,,,,,,,,,,,,,,,,,,,,,
0.00045,0.00045,33999,,,,,,,,,,,,,,,,,,,,,,,,,,,,,,,,,,,,,,,,,,,,,
,,33999,3646.189453125,-26274.029296875,-30151.96484375,0.05838354676961899,0.04634908586740494,-2.8685660362243652,5000.0,1.0051361322402954,-0.17032915353775024,-0.16047799587249756,5,,,,,,,,,,,,,,,,,,,,,,,,,,,,,,,,,,
0.00045,0.00045,34049,,,,,,,,,,,,,,,,,,,,,,,,,,,,,,,,,,,,,,,,,,,,,
,,34049,3613.9638671875,-26229.67578125,-30181.2421875,0.05828114598989487,0.06752053648233414,-2.8691787719726562,5000.0,0.9823629856109619,0.09091091901063919,0.05523630976676941,5,,,,,,,,,,,,,,,,,,,,,,,,,,,,,,,,,,
0.00045,0.00045,34099,,,,,,,,,,,,,,,,,,,,,,,,,,,,,,,,,,,,,,,,,,,,,
,,34099,3573.638916015625,-27372.375,-30727.095703125,0.05638992041349411,-0.04378359019756317,-2.867483615875244,5000.0,0.9885474443435669,0.09308168292045593,0.0698336511850357,5,,,,,,,,,,,,,,,,,,,,,,,,,,,,,,,,,,
0.00045,0.00045,34149,,,,,,,,,,,,,,,,,,,,,,,,,,,,,,,,,,,,,,,,,,,,,
,,34149,3641.318359375,-26410.65625,-30520.041015625,0.05710812285542488,0.0936131551861763,-2.868002414703369,5000.0,1.0105702877044678,-0.17470036447048187,-0.15372633934020996,5,,,,,,,,,,,,,,,,,,,,,,,,,,,,,,,,,,
0.00045,0.00045,34199,,,,,,,,,,,,,,,,,,,,,,,,,,,,,,,,,,,,,,,,,,,,,
,,34199,3587.018798828125,-26873.1640625,-29908.048828125,0.05923066288232803,-0.11042703688144684,-2.867821455001831,5000.0,1.0022386312484741,0.21533845365047455,0.21974901854991913,5,,,,,,,,,,,,,,,,,,,,,,,,,,,,,,,,,,
0.00045,0.00045,34249,,,,,,,,,,,,,,,,,,,,,,,,,,,,,,,,,,,,,,,,,,,,,
,,34249,3647.04833984375,-26895.298828125,-30917.474609375,0.05572793632745743,0.07502526044845581,-2.866187810897827,5000.0,0.9900864958763123,0.07280781120061874,0.05272577702999115,5,,,,,,,,,,,,,,,,,,,,,,,,,,,,,,,,,,
0.00045,0.00045,34299,,,,,,,,,,,,,,,,,,,,,,,,,,,,,,,,,,,,,,,,,,,,,
,,34299,3536.67626953125,-26549.8984375,-30856.89453125,0.055940479040145874,0.15406395494937897,-2.868489980697632,5000.0,1.0069503784179688,-0.11271030455827713,-0.09892947971820831,5,,,,,,,,,,,,,,,,,,,,,,,,,,,,,,,,,,
0.00045,0.00045,34349,,,,,,,,,,,,,,,,,,,,,,,,,,,,,,,,,,,,,,,,,,,,,
,,34349,3513.940185546875,-26372.3515625,-31080.90625,0.05516088008880615,0.2389230877161026,-2.8665738105773926,5000.0,0.9942811727523804,-0.13029910624027252,-0.14183378219604492,5,,,,,,,,,,,,,,,,,,,,,,,,,,,,,,,,,,
0.00045,0.00045,34399,,,,,,,,,,,,,,,,,,,,,,,,,,,,,,,,,,,,,,,,,,,,,
,,34399,3553.01171875,-26841.720703125,-31040.67578125,0.05530514568090439,0.12918856739997864,-2.8696072101593018,5000.0,1.0201730728149414,-0.0968412235379219,-0.05665499344468117,5,,,,,,,,,,,,,,,,,,,,,,,,,,,,,,,,,,
0.00045,0.00045,34449,,,,,,,,,,,,,,,,,,,,,,,,,,,,,,,,,,,,,,,,,,,,,
,,34449,3582.9716796875,-25617.15625,-30350.765625,0.057692285627126694,0.23012755811214447,-2.8709068298339844,5000.0,1.0143344402313232,-0.3039390444755554,-0.275936484336853,5,,,,,,,,,,,,,,,,,,,,,,,,,,,,,,,,,,
0.00045,0.00045,34499,,,,,,,,,,,,,,,,,,,,,,,,,,,,,,,,,,,,,,,,,,,,,
,,34499,3631.4638671875,-25533.09765625,-30510.3203125,0.05714064836502075,0.26915135979652405,-2.8708574771881104,5000.0,1.0086687803268433,-0.22506780922412872,-0.2083015739917755,5,,,,,,,,,,,,,,,,,,,,,,,,,,,,,,,,,,
0.00045,0.00045,34549,,,,,,,,,,,,,,,,,,,,,,,,,,,,,,,,,,,,,,,,,,,,,
,,34549,3584.212890625,-25465.46484375,-30573.7578125,0.056921299546957016,0.3048160970211029,-2.870896577835083,5000.0,0.9619115591049194,-0.2868160903453827,-0.3642027676105499,5,,,,,,,,,,,,,,,,,,,,,,,,,,,,,,,,,,
0.00045,0.00045,34599,,,,,,,,,,,,,,,,,,,,,,,,,,,,,,,,,,,,,,,,,,,,,
,,34599,3577.435791015625,-27090.462890625,-31489.57421875,0.05376084893941879,0.1643352210521698,-2.873018264770508,5000.0,0.9785083532333374,0.0766792967915535,0.03355012834072113,5,,,,,,,,,,,,,,,,,,,,,,,,,,,,,,,,,,
0.00045,0.00045,34649,,,,,,,,,,,,,,,,,,,,,,,,,,,,,,,,,,,,,,,,,,,,,
,,34649,3575.1025390625,-25020.37890625,-30577.89453125,0.05690646916627884,0.3964824974536896,-2.8726136684417725,5000.0,1.0417215824127197,-0.3982834219932556,-0.31513866782188416,5,,,,,,,,,,,,,,,,,,,,,,,,,,,,,,,,,,
0.00045,0.00045,34699,,,,,,,,,,,,,,,,,,,,,,,,,,,,,,,,,,,,,,,,,,,,,
,,34699,3573.8447265625,-27625.10546875,-30721.404296875,0.05641111731529236,-0.09550900012254715,-2.872464418411255,5000.0,1.0079346895217896,0.05625703185796738,0.07201764732599258,5,,,,,,,,,,,,,,,,,,,,,,,,,,,,,,,,,,
0.00045,0.00045,34749,,,,,,,,,,,,,,,,,,,,,,,,,,,,,,,,,,,,,,,,,,,,,
,,34749,3595.18994140625,-26737.1875,-30683.8984375,0.056540586054325104,0.07030413299798965,-2.8726112842559814,5000.0,1.0017460584640503,-0.07225415110588074,-0.06981776654720306,5,,,,,,,,,,,,,,,,,,,,,,,,,,,,,,,,,,
0.00045,0.00045,34799,,,,,,,,,,,,,,,,,,,,,,,,,,,,,,,,,,,,,,,,,,,,,
,,34799,3561.12109375,-26458.26953125,-30286.90234375,0.05790955573320389,0.05350252985954285,-2.873549461364746,5000.0,0.9906269311904907,0.006022725719958544,-0.013517658226191998,5,,,,,,,,,,,,,,,,,,,,,,,,,,,,,,,,,,
,,34846,,,,,,,,,,,5,0.05466990917921066,3662.06103515625,-27564.40234375,-31226.3515625,-0.1040608212351799,-2.8734869956970215,1.0,1.008541226387024,0.0870724692940712,0.1040608212351799,32.38179016113281,0.8730871677398682,0.054649487137794495,3662.06103515625,-27570.3046875,-31232.26953125,-0.10410785675048828,-2.8734869956970215,1.0,1.0085644721984863,0.0870724692940712,0.10410785675048828,32.38349151611328,0.8730549812316895,,,,,,,,,,
0.00045,0.00045,34849,,,,,,,,,,,,,,,,,,,,,,,,,,,,,,,,,,,,,,,,,,,,,
,,34849,3689.379638671875,-25786.693359375,-29921.998046875,0.05916772782802582,0.08918527513742447,-2.873605728149414,5000.0,1.0121396780014038,-0.18570320308208466,-0.16154441237449646,5,,,,,,,,,,,,,,,,,,,,,,,,,,,,,,,,,,
0.00045,0.00045,34899,,,,,,,,,,,,,,,,,,,,,,,,,,,,,,,,,,,,,,,,,,,,,
,,34899,3551.30615234375,-25609.345703125,-30497.552734375,0.05718488246202469,0.2673799991607666,-2.870699167251587,5000.0,1.0767029523849487,0.4101407825946808,0.40198126435279846,5,,,,,,,,,,,,,,,,,,,,,,,,,,,,,,,,,,
0.00045,0.00045,34949,,,,,,,,,,,,,,,,,,,,,,,,,,,,,,,,,,,,,,,,,,,,,
,,34949,3586.142578125,-28100.859375,-31545.734375,0.053560771048069,-0.02825346030294895,-2.870932102203369,5000.0,0.9803345203399658,0.0993674099445343,0.05883973836898804,5,,,,,,,,,,,,,,,,,,,,,,,,,,,,,,,,,,
0.00045,0.00045,34999,,,,,,,,,,,,,,,,,,,,,,,,,,,,,,,,,,,,,,,,,,,,,
,,34999,3560.952392578125,-27660.2265625,-31202.66015625,0.054755114018917084,-0.0037037471774965525,-2.875581741333008,5000.0,1.026688575744629,0.041666287928819656,0.09441155940294266,5,,,,,,,,,,,,,,,,,,,,,,,,,,,,,,,,,,
0.00045,0.00045,35049,,,,,,,,,,,,,,,,,,,,,,,,,,,,,,,,,,,,,,,,,,,,,
,,35049,3633.58251953125,-29413.95703125,-31534.818359375,0.05361369624733925,-0.3025440275669098,-2.8761825561523438,5000.0,0.9878242015838623,0.4039607048034668,0.37809714674949646,5,,,,,,,,,,,,,,,,,,,,,,,,,,,,,,,,,,
0.00045,0.00045,35099,,,,,,,,,,,,,,,,,,,,,,,,,,,,,,,,,,,,,,,,,,,,,
,,35099,3634.226806640625,-27492.427734375,-31232.224609375,0.05466068908572197,0.02111409604549408,-2.880157709121704,5000.0,0.9650635719299316,0.2253834754228592,0.15511196851730347,5,,,,,,,,,,,,,,,,,,,,,,,,,,,,,,,,,,
0.00045,0.00045,35149,,,,,,,,,,,,,,,,,,,,,,,,,,,,,,,,,,,,,,,,,,,,,
,,35149,3648.89501953125,-27710.224609375,-31331.8828125,0.054318998008966446,-0.005447078496217728,-2.879997730255127,5000.0,1.002047061920166,0.03700488060712814,0.04056135565042496,5,,,,,,,,,,,,,,,,,,,,,,,,,,,,,,,,,,
0.00045,0.00045,35199,,,,,,,,,,,,,,,,,,,,,,,,,,,,,,,,,,,,,,,,,,,,,
,,35199,3544.414794921875,-27689.341796875,-31128.9140625,0.05500900000333786,-0.020968478173017502,-2.875649929046631,5000.0,0.9890797138214111,0.1126060038805008,0.08902537822723389,5,,,,,,,,,,,,,,,,,,,,,,,,,,,,,,,,,,
0.00045,0.00045,35249,,,,,,,,,,,,,,,,,,,,,,,,,,,,,,,,,,,,,,,,,,,,,
,,35249,3625.509033203125,-27717.349609375,-30584.2421875,0.05688238516449928,-0.1517234891653061,-2.8772923946380615,5000.0,0.9698660373687744,0.22905686497688293,0.16811001300811768,5,,,,,,,,,,,,,,,,,,,,,,,,,,,,,,,,,,
0.00045,0.00045,35299,,,,,,,,,,,,,,,,,,,,,,,,,,,,,,,,,,,,,,,,,,,,,
,,35299,3582.4462890625,-27221.046875,-29939.115234375,0.05909545719623566,-0.17287568747997284,-2.878438711166382,5000.0,1.0305461883544922,0.09698723256587982,0.15761522948741913,5,,,,,,,,,,,,,,,,,,,,,,,,,,,,,,,,,,
0.00045,0.00045,35349,,,,,,,,,,,,,,,,,,,,,,,,,,,,,,,,,,,,,,,,,,,,,
,,35349,3572.147705078125,-28039.478515625,-30312.08984375,0.05782220512628555,-0.2599072754383087,-2.873924732208252,5000.0,0.9983426332473755,0.1992323249578476,0.19377969205379486,5,,,,,,,,,,,,,,,,,,,,,,,,,,,,,,,,,,
0.00045,0.00045,35399,,,,,,,,,,,,,,,,,,,,,,,,,,,,,,,,,,,,,,,,,,,,,
,,35399,3568.656494140625,-27388.52734375,-31078.6953125,0.055176399648189545,0.024302437901496887,-2.8715431690216064,5000.0,0.9629170894622803,0.12099874764680862,0.04604920372366905,5,,,,,,,,,,,,,,,,,,,,,,,,,,,,,,,,,,
0.00045,0.00045,35449,,,,,,,,,,,,,,,,,,,,,,,,,,,,,,,,,,,,,,,,,,,,,
,,35449,3582.22607421875,-27230.654296875,-31041.603515625,0.055300019681453705,0.04574453458189964,-2.8683011531829834,5000.0,0.9714474678039551,0.1325884610414505,0.07433140277862549,5,,,,,,,,,,,,,,,,,,,,,,,,,,,,,,,,,,
0.00045,0.00045,35499,,,,,,,,,,,,,,,,,,,,,,,,,,,,,,,,,,,,,,,,,,,,,
,,35499,3637.27197265625,-26794.1484375,-30611.07421875,0.05679197609424591,0.03593094274401665,-2.87247633934021,5000.0,0.9901169538497925,-0.004690326284617186,-0.02467316947877407,5,,,,,,,,,,,,,,,,,,,,,,,,,,,,,,,,,,
0.00045,0.00045,35549,,,,,,,,,,,,,,,,,,,,,,,,,,,,,,,,,,,,,,,,,,,,,
,,35549,3636.080078125,-25787.93359375,-30399.892578125,0.05751527100801468,0.19517569243907928,-2.8776485919952393,5000.0,1.0331040620803833,-0.11138045787811279,-0.045180778950452805,5,,,,,,,,,,,,,,,,,,,,,,,,,,,,,,,,,,
0.00045,0.00045,35599,,,,,,,,,,,,,,,,,,,,,,,,,,,,,,,,,,,,,,,,,,,,,
,,35599,3602.2373046875,-27197.51171875,-30854.048828125,0.05595600605010986,0.012171654962003231,-2.8792407512664795,4461.13330078125,1.0119366645812988,-0.03633543848991394,-0.012563452124595642,5,,,,,,,,,,,,,,,,,,,,,,,,,,,,,,,,,,
0.00045,0.00045,35649,,,,,,,,,,,,,,,,,,,,,,,,,,,,,,,,,,,,,,,,,,,,,
,,35649,3602.4755859375,-28759.62890625,-30198.77734375,0.05819724500179291,-0.4326651394367218,-2.8818888664245605,5000.0,0.9873299598693848,0.227215975522995,0.20147579908370972,5,,,,,,,,,,,,,,,,,,,,,,,,,,,,,,,,,,
0.00045,0.00045,35699,,,,,,,,,,,,,,,,,,,,,,,,,,,,,,,,,,,,,,,,,,,,,
,,35699,3668.38427734375,-25192.6640625,-30320.75390625,0.05777654051780701,0.29194098711013794,-2.88387131690979,5000.0,0.9569869041442871,0.027126258239150047,-0.06169204041361809,5,,,,,,,,,,,,,,,,,,,,,,,,,,,,,,,,,,
0.00045,0.00045,35749,,,,,,,,,,,,,,,,,,,,,,,,,,,,,,,,,,,,,,,,,,,,,
,,35749,3600.6376953125,-26021.79296875,-29666.53515625,0.06002628058195114,0.008821037597954273,-2.8796231746673584,5000.0,1.078839659690857,-0.2736726999282837,-0.1163342148065567,5,,,,,,,,,,,,,,,,,,,,,,,,,,,,,,,,,,
0.00045,0.00045,35799,,,,,,,,,,,,,,,,,,,,,,,,,,,,,,,,,,,,,,,,,,,,,
,,35799,3585.3876953125,-27677.984375,-30628.9140625,0.05672857165336609,-0.12689164280891418,-2.8780221939086914,5000.0,1.0014210939407349,0.00577619718387723,0.008372305892407894,5,,,,,,,,,,,,,,,,,,,,,,,,,,,,,,,,,,
0.00045,0.00045,35849,,,,,,,,,,,,,,,,,,,,,,,,,,,,,,,,,,,,,,,,,,,,,
,,35849,3559.019775390625,-27296.59765625,-30901.875,0.05579107254743576,0.009679848328232765,-2.877117156982422,4778.71630859375,0.9999388456344604,-0.036526504904031754,-0.03666384890675545,5,,,,,,,,,,,,,,,,,,,,,,,,,,,,,,,,,,
0.00045,0.00045,35899,,,,,,,,,,,,,,,,,,,,,,,,,,,,,,,,,,,,,,,,,,,,,
,,35899,3645.192138671875,-26249.6875,-30367.04296875,0.057632118463516235,0.09443265199661255,-2.8744823932647705,5000.0,1.01227605342865,-0.21311962604522705,-0.18859349191188812,5,,,,,,,,,,,,,,,,,,,,,,,,,,,,,,,,,,
0.00045,0.00045,35949,,,,,,,,,,,,,,,,,,,,,,,,,,,,,,,,,,,,,,,,,,,,,
,,35949,3627.275634765625,-28645.359375,-31131.82421875,0.05499774217605591,-0.22816209495067596,-2.874764919281006,5000.0,0.9673773050308228,0.3356439173221588,0.2701953053474426,5,,,,,,,,,,,,,,,,,,,,,,,,,,,,,,,,,,
0.00045,0.00045,35999,,,,,,,,,,,,,,,,,,,,,,,,,,,,,,,,,,,,,,,,,,,,,
,,35999,3632.932373046875,-26056.30078125,-30200.2265625,0.05819975584745407,0.1021987721323967,-2.878276824951172,5000.0,1.0204285383224487,-0.1054917499423027,-0.06470651179552078,5,,,,,,,,,,,,,,,,,,,,,,,,,,,,,,,,,,
0.00045,0.00045,36049,,,,,,,,,,,,,,,,,,,,,,,,,,,,,,,,,,,,,,,,,,,,,
,,36049,3627.19921875,-28434.130859375,-30881.65234375,0.05586086958646774,-0.23593555390834808,-2.877868175506592,5000.0,1.032350778579712,0.13551326096057892,0.20021477341651917,5,,,,,,,,,,,,,,,,,,,,,,,,,,,,,,,,,,
0.00045,0.00045,36099,,,,,,,,,,,,,,,,,,,,,,,,,,,,,,,,,,,,,,,,,,,,,
,,36099,3602.58154296875,-25459.96875,-30356.453125,0.0576571524143219,0.2587805986404419,-2.882429599761963,5000.0,0.9742196798324585,-0.2400352656841278,-0.29195088148117065,5,,,,,,,,,,,,,,,,,,,,,,,,,,,,,,,,,,
0.00045,0.00045,36149,,,,,,,,,,,,,,,,,,,,,,,,,,,,,,,,,,,,,,,,,,,,,
,,36149,3643.96875,-26782.5625,-31322.69140625,0.054356649518013,0.1792321503162384,-2.883666753768921,5000.0,0.9648447036743164,-0.013709268532693386,-0.08436506241559982,5,,,,,,,,,,,,,,,,,,,,,,,,,,,,,,,,,,
0.00045,0.00045,36199,,,,,,,,,,,,,,,,,,,,,,,,,,,,,,,,,,,,,,,,,,,,,
,,36199,3634.85107421875,-28360.953125,-31096.4765625,0.05512504279613495,-0.1798655241727829,-2.87949800491333,5000.0,0.9855722188949585,0.35003775358200073,0.32113558053970337,5,,,,,,,,,,,,,,,,,,,,,,,,,,,,,,,,,,
0.00045,0.00045,36249,,,,,,,,,,,,,,,,,,,,,,,,,,,,,,,,,,,,,,,,,,,,,
,,36249,3702.59912109375,-26054.373046875,-30801.80078125,0.056135110557079315,0.20896561443805695,-2.8814470767974854,5000.0,0.998687744140625,-0.15666061639785767,-0.1594582498073578,5,,,,,,,,,,,,,,,,,,,,,,,,,,,,,,,,,,
0.00045,0.00045,36299,,,,,,,,,,,,,,,,,,,,,,,,,,,,,,,,,,,,,,,,,,,,,
,,36299,3628.64794921875,-27741.908203125,-30848.84765625,0.055974025279283524,-0.10434171557426453,-2.8854355812072754,5000.0,0.9910621047019958,0.21067506074905396,0.19203078746795654,5,,,,,,,,,,,,,,,,,,,,,,,,,,,,,,,,,,
0.00045,0.00045,36349,,,,,,,,,,,,,,,,,,,,,,,,,,,,,,,,,,,,,,,,,,,,,
,,36349,3637.9267578125,-22913.36328125,-31461.9296875,0.053885091096162796,0.9821280241012573,-2.8855504989624023,5000.0,0.946040153503418,-0.16316820681095123,-0.27647584676742554,5,,,,,,,,,,,,,,,,,,,,,,,,,,,,,,,,,,
0.00045,0.00045,36399,,,,,,,,,,,,,,,,,,,,,,,,,,,,,,,,,,,,,,,,,,,,,
,,36399,3676.90673828125,-26973.685546875,-31062.203125,0.055249907076358795,0.08232221752405167,-2.893784999847412,5000.0,0.9863059520721436,-0.012972752563655376,-0.04281241074204445,5,,,,,,,,,,,,,,,,,,,,,,,,,,,,,,,,,,
0.00045,0.00045,36449,,,,,,,,,,,,,,,,,,,,,,,,,,,,,,,,,,,,,,,,,,,,,
,,36449,3652.306396484375,-27733.318359375,-31367.91015625,0.05422249436378479,-0.0035428334958851337,-2.8995232582092285,5000.0,0.9899585247039795,0.09317599982023239,0.07146713882684708,5,,,,,,,,,,,,,,,,,,,,,,,,,,,,,,,,,,
0.00045,0.00045,36499,,,,,,,,,,,,,,,,,,,,,,,,,,,,,,,,,,,,,,,,,,,,,
,,36499,3731.02783203125,-27130.82421875,-30379.27734375,0.057540759444236755,-0.0965147614479065,-2.9009101390838623,5000.0,0.9789074659347534,0.16855694353580475,0.12628307938575745,5,,,,,,,,,,,,,,,,,,,,,,,,,,,,,,,,,,
0.00045,0.00045,36549,,,,,,,,,,,,,,,,,,,,,,,,,,,,,,,,,,,,,,,,,,,,,
,,36549,3595.33251953125,-26640.26953125,-30877.6328125,0.0558742955327034,0.1284063458442688,-2.892364740371704,5000.0,0.9845577478408813,-0.11993570625782013,-0.15111102163791656,5,,,,,,,,,,,,,,,,,,,,,,,,,,,,,,,,,,
0.00045,0.00045,36599,,,,,,,,,,,,,,,,,,,,,,,,,,,,,,,,,,,,,,,,,,,,,
,,36599,3701.335693359375,-26008.43359375,-30993.94140625,0.05548042804002762,0.2568341791629791,-2.8885772228240967,5000.0,1.0118770599365234,-0.2943779528141022,-0.27074578404426575,5,,,,,,,,,,,,,,,,,,,,,,,,,,,,,,,,,,
0.00045,0.00045,36649,,,,,,,,,,,,,,,,,,,,,,,,,,,,,,,,,,,,,,,,,,,,,
,,36649,3619.351806640625,-26950.908203125,-30894.9609375,0.05581667274236679,0.06494029611349106,-2.8884918689727783,5000.0,0.9984296560287476,-0.10271342843770981,-0.10620233416557312,5,,,,,,,,,,,,,,,,,,,,,,,,,,,,,,,,,,
0.00045,0.00045,36699,,,,,,,,,,,,,,,,,,,,,,,,,,,,,,,,,,,,,,,,,,,,,
,,36699,3671.95556640625,-26349.166015625,-30691.38671875,0.05650971457362175,0.13405293226242065,-2.8866653442382812,5000.0,0.9795045852661133,-0.1624329537153244,-0.20363467931747437,5,,,,,,,,,,,,,,,,,,,,,,,,,,,,,,,,,,
0.00045,0.00045,36749,,,,,,,,,,,,,,,,,,,,,,,,,,,,,,,,,,,,,,,,,,,,,
,,36749,3589.48681640625,-28238.091796875,-31296.31640625,0.05445529520511627,-0.10625217854976654,-2.890326976776123,5000.0,0.9890133142471313,0.12049538642168045,0.09841052442789078,5,,,,,,,,,,,,,,,,,,,,,,,,,,,,,,,,,,
0.00045,0.00045,36799,,,,,,,,,,,,,,,,,,,,,,,,,,,,,,,,,,,,,,,,,,,,,
,,36799,3647.018310546875,-25474.0546875,-30545.34765625,0.056996457278728485,0.284854918718338,-2.8938159942626953,5000.0,0.9982694387435913,-0.16458860039710999,-0.16809475421905518,5,,,,,,,,,,,,,,,,,,,,,,,,,,,,,,,,,,
0.00045,0.00045,36849,,,,,,,,,,,,,,,,,,,,,,,,,,,,,,,,,,,,,,,,,,,,,
,,36849,3644.5390625,-26245.361328125,-30693.5703125,0.05649863928556442,0.16073410212993622,-2.8909151554107666,5000.0,0.9813225269317627,-0.169741690158844,-0.20821446180343628,5,,,,,,,,,,,,,,,,,,,,,,,,,,,,,,,,,,
0.00045,0.00045,36899,,,,,,,,,,,,,,,,,,,,,,,,,,,,,,,,,,,,,,,,,,,,,
,,36899,3725.35009765625,-25924.84375,-30274.8671875,0.05791687220335007,0.1249348446726799,-2.891232490539551,5000.0,1.0002896785736084,-0.16127683222293854,-0.16483423113822937,5,,,,,,,,,,,,,,,,,,,,,,,,,,,,,,,,,,
0.00045,0.00045,36949,,,,,,,,,,,,,,,,,,,,,,,,,,,,,,,,,,,,,,,,,,,,,
,,36949,3692.7470703125,-27282.5546875,-30313.443359375,0.05780094116926193,-0.13237179815769196,-2.8841607570648193,5000.0,0.9775788187980652,0.04222303256392479,-0.002637577010318637,5,,,,,,,,,,,,,,,,,,,,,,,,,,,,,,,,,,
0.00045,0.00045,36999,,,,,,,,,,,,,,,,,,,,,,,,,,,,,,,,,,,,,,,,,,,,,
,,36999,3560.826171875,-27821.623046875,-30975.4296875,0.055538710206747055,-0.08140387386083603,-2.8776166439056396,5000.0,0.9880876541137695,0.2315043956041336,0.20763017237186432,5,,,,,,,,,,,,,,,,,,,,,,,,,,,,,,,,,,
,,37024,,,,,,,,,,,5,0.05587482079863548,3598.90625,-27278.73828125,-30877.2734375,-0.3624424338340759,-2.875491142272949,1.0,1.0074423551559448,0.3501834571361542,0.3624424338340759,32.285701751708984,0.8699520826339722,0.05585591495037079,3598.90625,-27284.232421875,-30882.7734375,-0.36245495080947876,-2.875491142272949,1.0,1.007448673248291,0.3501834571361542,0.36245495080947876,32.2864875793457,0.869960606098175,,,,,,,,,,
0.00045,0.00045,37049,,,,,,,,,,,,,,,,,,,,,,,,,,,,,,,,,,,,,,,,,,,,,
,,37049,3613.59521484375,-27801.33984375,-31080.896484375,0.05517420545220375,-0.06680771708488464,-2.8756258487701416,5000.0,0.9967262744903564,0.12415499985218048,0.11667940020561218,5,,,,,,,,,,,,,,,,,,,,,,,,,,,,,,,,,,
0.00045,0.00045,37099,,,,,,,,,,,,,,,,,,,,,,,,,,,,,,,,,,,,,,,,,,,,,
,,37099,3637.86669921875,-26806.021484375,-30989.849609375,0.05549129098653793,0.10919216275215149,-2.88065505027771,5000.0,0.9997037649154663,0.03653877228498459,0.03539030998945236,5,,,,,,,,,,,,,,,,,,,,,,,,,,,,,,,,,,
0.00045,0.00045,37149,,,,,,,,,,,,,,,,,,,,,,,,,,,,,,,,,,,,,,,,,,,,,
,,37149,3633.269775390625,-27267.3828125,-31637.3125,0.053282756358385086,0.22486434876918793,-2.883711814880371,3276.016357421875,0.9738146066665649,-0.12698732316493988,-0.18098697066307068,5,,,,,,,,,,,,,,,,,,,,,,,,,,,,,,,,,,
0.00045,0.00045,37199,,,,,,,,,,,,,,,,,,,,,,,,,,,,,,,,,,,,,,,,,,,,,
,,37199,3647.68896484375,-27574.560546875,-31313.26953125,0.054391637444496155,0.01820380613207817,-2.8855650424957275,5000.0,1.000162124633789,0.00709551153704524,0.0069481260143220425,5,,,,,,,,,,,,,,,,,,,,,,,,,,,,,,,,,,
0.00045,0.00045,37249,,,,,,,,,,,,,,,,,,,,,,,,,,,,,,,,,,,,,,,,,,,,,
,,37249,3613.8583984375,-27235.15625,-31495.28515625,0.053783826529979706,0.1292542964220047,-2.892202377319336,5000.0,0.9988609552383423,-0.05121573433279991,-0.05366448685526848,5,,,,,,,,,,,,,,,,,,,,,,,,,,,,,,,,,,
0.00045,0.00045,37299,,,,,,,,,,,,,,,,,,,,,,,,,,,,,,,,,,,,,,,,,,,,,
,,37299,3660.75048828125,-25956.7578125,-30931.30859375,0.05569177120923996,0.2627600431442261,-2.8950676918029785,5000.0,0.9973422288894653,-0.1667269915342331,-0.17214980721473694,5,,,,,,,,,,,,,,,,,,,,,,,,,,,,,,,,,,
0.00045,0.00045,37349,,,,,,,,,,,,,,,,,,,,,,,,,,,,,,,,,,,,,,,,,,,,,
,,37349,3612.8095703125,-28078.14453125,-31244.5,0.054630961269140244,-0.08929075300693512,-2.890275716781616,5000.0,0.9754898548126221,0.20448601245880127,0.15536753833293915,5,,,,,,,,,,,,,,,,,,,,,,,,,,,,,,,,,,
0.00045,0.00045,37399,,,,,,,,,,,,,,,,,,,,,,,,,,,,,,,,,,,,,,,,,,,,,
,,37399,3586.0615234375,-26817.16015625,-30268.73828125,0.057946525514125824,-0.02689686045050621,-2.88740611076355,5000.0,1.0311253070831299,0.12103831768035889,0.18242251873016357,5,,,,,,,,,,,,,,,,,,,,,,,,,,,,,,,,,,
0.00045,0.00045,37449,,,,,,,,,,,,,,,,,,,,,,,,,,,,,,,,,,,,,,,,,,,,,
,,37449,3651.330810546875,-27513.2890625,-31029.41015625,0.05535941198468208,-0.0270416047424078,-2.88700270652771,5000.0,1.009308934211731,0.10551711916923523,0.1236114501953125,5,,,,,,,,,,,,,,,,,,,,,,,,,,,,,,,,,,
0.00045,0.00045,37499,,,,,,,,,,,,,,,,,,,,,,,,,,,,,,,,,,,,,,,,,,,,,
,,37499,3684.61572265625,-27072.39453125,-31671.291015625,0.05318721756339073,0.18285630643367767,-2.891810894012451,5000.0,0.9901184439659119,0.00975061859935522,-0.010120010003447533,5,,,,,,,,,,,,,,,,,,,,,,,,,,,,,,,,,,
0.00045,0.00045,37549,,,,,,,,,,,,,,,,,,,,,,,,,,,,,,,,,,,,,,,,,,,,,
,,37549,3627.8505859375,-26810.48828125,-31177.5078125,0.05485948175191879,0.14783388376235962,-2.8923532962799072,5000.0,0.9955811500549316,-0.10706640779972076,-0.1159660741686821,5,,,,,,,,,,,,,,,,,,,,,,,,,,,,,,,,,,
0.00045,0.00045,37599,,,,,,,,,,,,,,,,,,,,,,,,,,,,,,,,,,,,,,,,,,,,,
,,37599,3598.477783203125,-26893.431640625,-31255.921875,0.05459282919764519,0.15280233323574066,-2.890916347503662,5000.0,1.0061956644058228,-0.23202039301395416,-0.21976226568222046,5,,,,,,,,,,,,,,,,,,,,,,,,,,,,,,,,,,
0.00045,0.00045,37649,,,,,,,,,,,,,,,,,,,,,,,,,,,,,,,,,,,,,,,,,,,,,
,,37649,3633.111328125,-28678.9609375,-31217.951171875,0.05471955984830856,-0.2188241332769394,-2.8886632919311523,5000.0,0.9824575185775757,0.251875638961792,0.21595115959644318,5,,,,,,,,,,,,,,,,,,,,,,,,,,,,,,,,,,
0.00045,0.00045,37699,,,,,,,,,,,,,,,,,,,,,,,,,,,,,,,,,,,,,,,,,,,,,
,,37699,3648.1767578125,-28287.19921875,-31314.42578125,0.054387934505939484,-0.12418964505195618,-2.8857309818267822,5000.0,0.9627137184143066,0.16874992847442627,0.09405581653118134,5,,,,,,,,,,,,,,,,,,,,,,,,,,,,,,,,,,
0.00045,0.00045,37749,,,,,,,,,,,,,,,,,,,,,,,,,,,,,,,,,,,,,,,,,,,,,
,,37749,3658.91650390625,-28386.193359375,-30276.55078125,0.057918719947338104,-0.3537117540836334,-2.887972354888916,5000.0,1.0044935941696167,0.22540317475795746,0.2324642837047577,5,,,,,,,,,,,,,,,,,,,,,,,,,,,,,,,,,,
0.00045,0.00045,37799,,,,,,,,,,,,,,,,,,,,,,,,,,,,,,,,,,,,,,,,,,,,,
,,37799,3691.84130859375,-26520.533203125,-30558.46875,0.056963324546813965,0.06921886652708054,-2.8856163024902344,5000.0,0.9879756569862366,-0.2009446620941162,-0.22592668235301971,5,,,,,,,,,,,,,,,,,,,,,,,,,,,,,,,,,,
0.00045,0.00045,37849,,,,,,,,,,,,,,,,,,,,,,,,,,,,,,,,,,,,,,,,,,,,,
,,37849,3665.94970703125,-26083.134765625,-30158.587890625,0.05831997096538544,0.08190087974071503,-2.8878557682037354,5000.0,1.0023078918457031,-0.12025758624076843,-0.1156766340136528,5,,,,,,,,,,,,,,,,,,,,,,,,,,,,,,,,,,
0.00045,0.00045,37899,,,,,,,,,,,,,,,,,,,,,,,,,,,,,,,,,,,,,,,,,,,,,
,,37899,3676.92724609375,-26435.970703125,-30959.6015625,0.055596958845853806,0.16934075951576233,-2.891953945159912,5000.0,0.961532711982727,0.08314560353755951,0.005970252212136984,5,,,,,,,,,,,,,,,,,,,,,,,,,,,,,,,,,,
0.00045,0.00045,37949,,,,,,,,,,,,,,,,,,,,,,,,,,,,,,,,,,,,,,,,,,,,,
,,37949,3684.79150390625,-26895.626953125,-31022.865234375,0.05538271740078926,0.08848954737186432,-2.8956189155578613,5000.0,0.996292233467102,0.054218538105487823,0.04674336314201355,5,,,,,,,,,,,,,,,,,,,,,,,,,,,,,,,,,,
0.00045,0.00045,37999,,,,,,,,,,,,,,,,,,,,,,,,,,,,,,,,,,,,,,,,,,,,,
,,37999,3698.5390625,-26699.94921875,-31473.064453125,0.053865835070610046,0.2149154096841812,-2.896855115890503,5000.0,0.9995236396789551,-0.11104299128055573,-0.1123734563589096,5,,,,,,,,,,,,,,,,,,,,,,,,,,,,,,,,,,
0.00045,0.00045,38049,,,,,,,,,,,,,,,,,,,,,,,,,,,,,,,,,,,,,,,,,,,,,
,,38049,3598.046142578125,-26263.107421875,-31543.37890625,0.05363083630800247,0.33644476532936096,-2.898085594177246,5000.0,0.9788087606430054,-0.2703973352909088,-0.31348636746406555,5,,,,,,,,,,,,,,,,,,,,,,,,,,,,,,,,,,
0.00045,0.00045,38099,,,,,,,,,,,,,,,,,,,,,,,,,,,,,,,,,,,,,,,,,,,,,
,,38099,3686.401123046875,-27984.314453125,-31230.11328125,0.05468183755874634,-0.10301128774881363,-2.8928639888763428,4277.22216796875,1.0403484106063843,-0.02615121565759182,0.05446337163448334,5,,,,,,,,,,,,,,,,,,,,,,,,,,,,,,,,,,
0.00045,0.00045,38149,,,,,,,,,,,,,,,,,,,,,,,,,,,,,,,,,,,,,,,,,,,,,
,,38149,3581.56396484375,-26698.587890625,-30914.291015625,0.05575067177414894,0.126827672123909,-2.8906667232513428,5000.0,0.9936354160308838,-0.062488991767168045,-0.07536089420318604,5,,,,,,,,,,,,,,,,,,,,,,,,,,,,,,,,,,
0.00045,0.00045,38199,,,,,,,,,,,,,,,,,,,,,,,,,,,,,,,,,,,,,,,,,,,,,
,,38199,3627.156982421875,-28246.3515625,-31465.48046875,0.053883086889982224,-0.08937273174524307,-2.8911893367767334,4565.4638671875,1.0058919191360474,0.08997504413127899,0.10170437395572662,5,,,,,,,,,,,,,,,,,,,,,,,,,,,,,,,,,,
0.00045,0.00045,38249,,,,,,,,,,,,,,,,,,,,,,,,,,,,,,,,,,,,,,,,,,,,,
,,38249,3665.718505859375,-26607.23046875,-31300.984375,0.054442018270492554,0.2056068778038025,-2.8927619457244873,5000.0,0.9780070781707764,-0.19985054433345795,-0.2448798567056656,5,,,,,,,,,,,,,,,,,,,,,,,,,,,,,,,,,,
0.00045,0.00045,38299,,,,,,,,,,,,,,,,,,,,,,,,,,,,,,,,,,,,,,,,,,,,,
,,38299,3685.42333984375,-27772.5,-30859.4375,0.0559346079826355,-0.1196971982717514,-2.894648313522339,5000.0,1.0245740413665771,0.09354373812675476,0.1425752490758896,5,,,,,,,,,,,,,,,,,,,,,,,,,,,,,,,,,,
0.00045,0.00045,38349,,,,,,,,,,,,,,,,,,,,,,,,,,,,,,,,,,,,,,,,,,,,,
,,38349,3691.550048828125,-26025.470703125,-30526.7890625,0.05705256760120392,0.16195367276668549,-2.8975040912628174,5000.0,1.0310906171798706,-0.17059265077114105,-0.10852997750043869,5,,,,,,,,,,,,,,,,,,,,,,,,,,,,,,,,,,
0.00045,0.00045,38399,,,,,,,,,,,,,,,,,,,,,,,,,,,,,,,,,,,,,,,,,,,,,
,,38399,3660.5322265625,-28627.28515625,-30621.240234375,0.05673767253756523,-0.3333157002925873,-2.8954577445983887,5000.0,1.0092350244522095,0.28693777322769165,0.3053114414215088,5,,,,,,,,,,,,,,,,,,,,,,,,,,,,,,,,,,
0.00045,0.00045,38449,,,,,,,,,,,,,,,,,,,,,,,,,,,,,,,,,,,,,,,,,,,,,
,,38449,3700.405029296875,-26170.083984375,-30567.51953125,0.05691893398761749,0.13940612971782684,-2.8954412937164307,5000.0,0.990447998046875,-0.04975540190935135,-0.06935830414295197,5,,,,,,,,,,,,,,,,,,,,,,,,,,,,,,,,,,
0.00045,0.00045,38499,,,,,,,,,,,,,,,,,,,,,,,,,,,,,,,,,,,,,,,,,,,,,
,,38499,3645.97802734375,-27035.2421875,-31049.228515625,0.05529283359646797,0.0736016258597374,-2.8891968727111816,5000.0,0.9829229712486267,-0.014662111178040504,-0.04930509626865387,5,,,,,,,,,,,,,,,,,,,,,,,,,,,,,,,,,,
0.00045,0.00045,38549,,,,,,,,,,,,,,,,,,,,,,,,,,,,,,,,,,,,,,,,,,,,,
,,38549,3704.28271484375,-28235.703125,-30204.375,0.05816615745425224,-0.34712210297584534,-2.8871066570281982,5000.0,1.0112388134002686,0.20051442086696625,0.2228904813528061,5,,,,,,,,,,,,,,,,,,,,,,,,,,,,,,,,,,
0.00045,0.00045,38599,,,,,,,,,,,,,,,,,,,,,,,,,,,,,,,,,,,,,,,,,,,,,
,,38599,3635.34423828125,-26040.92578125,-30684.744140625,0.05653350427746773,0.20169511437416077,-2.8850343227386475,5000.0,0.9790566563606262,-0.1515885591506958,-0.19422613084316254,5,,,,,,,,,,,,,,,,,,,,,,,,,,,,,,,,,,
0.00045,0.00045,38649,,,,,,,,,,,,,,,,,,,,,,,,,,,,,,,,,,,,,,,,,,,,,
,,38649,3682.72119140625,-28786.947265625,-31565.125,0.05353522300720215,-0.18090865015983582,-2.886312961578369,5000.0,0.9687792658805847,0.3262992799282074,0.263496458530426,5,,,,,,,,,,,,,,,,,,,,,,,,,,,,,,,,,,
0.00045,0.00045,38699,,,,,,,,,,,,,,,,,,,,,,,,,,,,,,,,,,,,,,,,,,,,,
,,38699,3572.428955078125,-27859.6953125,-30998.53125,0.05546512082219124,-0.08671884983778,-2.8908066749572754,5000.0,0.9814652800559998,-0.03750275820493698,-0.07460185140371323,5,,,,,,,,,,,,,,,,,,,,,,,,,,,,,,,,,,
0.00045,0.00045,38749,,,,,,,,,,,,,,,,,,,,,,,,,,,,,,,,,,,,,,,,,,,,,
,,38749,3700.142578125,-26611.96875,-30944.62109375,0.055647484958171844,0.1265018731355667,-2.892853021621704,5000.0,1.0017542839050293,-0.06033659353852272,-0.056979965418577194,5,,,,,,,,,,,,,,,,,,,,,,,,,,,,,,,,,,
0.00045,0.00045,38799,,,,,,,,,,,,,,,,,,,,,,,,,,,,,,,,,,,,,,,,,,,,,
,,38799,3717.03759765625,-26769.794921875,-31155.22265625,0.05493713170289993,0.13367798924446106,-2.899627685546875,5000.0,1.0303730964660645,-0.1146254688501358,-0.05392087623476982,5,,,,,,,,,,,,,,,,,,,,,,,,,,,,,,,,,,
0.00045,0.00045,38849,,,,,,,,,,,,,,,,,,,,,,,,,,,,,,,,,,,,,,,,,,,,,
,,38849,3646.75439453125,-25703.111328125,-31212.521484375,0.054744966328144073,0.3725312352180481,-2.9008800983428955,5000.0,0.9955406188964844,-0.2850411832332611,-0.29424482583999634,5,,,,,,,,,,,,,,,,,,,,,,,,,,,,,,,,,,
0.00045,0.00045,38899,,,,,,,,,,,,,,,,,,,,,,,,,,,,,,,,,,,,,,,,,,,,,
,,38899,3645.70361328125,-27028.34375,-29638.732421875,0.060039810836315155,-0.20706269145011902,-2.898036241531372,5000.0,0.9900256395339966,0.1789940595626831,0.1589539349079132,5,,,,,,,,,,,,,,,,,,,,,,,,,,,,,,,,,,
0.00045,0.00045,38949,,,,,,,,,,,,,,,,,,,,,,,,,,,,,,,,,,,,,,,,,,,,,
,,38949,3660.11865234375,-25639.0234375,-30272.837890625,0.05792669206857681,0.1947389543056488,-2.8899943828582764,5000.0,1.0219087600708008,-0.16093896329402924,-0.11748851090669632,5,,,,,,,,,,,,,,,,,,,,,,,,,,,,,,,,,,
0.00045,0.00045,38999,,,,,,,,,,,,,,,,,,,,,,,,,,,,,,,,,,,,,,,,,,,,,
,,38999,3691.683837890625,-28412.25,-30580.6484375,0.056883975863456726,-0.3046570122241974,-2.8888840675354004,5000.0,0.9946682453155518,0.2824234664440155,0.27099600434303284,5,,,,,,,,,,,,,,,,,,,,,,,,,,,,,,,,,,
0.00045,0.00045,39049,,,,,,,,,,,,,,,,,,,,,,,,,,,,,,,,,,,,,,,,,,,,,
,,39049,3622.38818359375,-27888.802734375,-31058.37109375,0.05526219680905342,-0.09056390076875687,-2.890451431274414,5000.0,0.9648364782333374,0.15753693878650665,0.08719734847545624,5,,,,,,,,,,,,,,,,,,,,,,,,,,,,,,,,,,
0.00045,0.00045,39099,,,,,,,,,,,,,,,,,,,,,,,,,,,,,,,,,,,,,,,,,,,,,
,,39099,3647.074951171875,-28065.96875,-30693.53125,0.05649878457188606,-0.2039022147655487,-2.8909056186676025,5000.0,1.0358680486679077,0.20365792512893677,0.2750498950481415,5,,,,,,,,,,,,,,,,,,,,,,,,,,,,,,,,,,
0.00045,0.00045,39149,,,,,,,,,,,,,,,,,,,,,,,,,,,,,,,,,,,,,,,,,,,,,
,,39149,3688.638671875,-28122.29296875,-30840.34375,0.05599880963563919,-0.29353898763656616,-2.8950140476226807,3306.505615234375,0.9943041801452637,0.34993451833724976,0.33795663714408875,5,,,,,,,,,,,,,,,,,,,,,,,,,,,,,,,,,,
0.00045,0.00045,39199,,,,,,,,,,,,,,,,,,,,,,,,,,,,,,,,,,,,,,,,,,,,,
,,39199,3605.8095703125,-26998.58203125,-30739.232421875,0.056336987763643265,0.026967860758304596,-2.8977837562561035,5000.0,0.958818793296814,0.03618863970041275,-0.04724692180752754,5,,,,,,,,,,,,,,,,,,,,,,,,,,,,,,,,,,
,,39202,,,,,,,,,,,5,0.055056653916835785,3720.04150390625,-27399.65234375,-31119.619140625,-0.0730263814330101,-2.897491693496704,1.0,0.9976348280906677,0.07780328392982483,0.0730263814330101,32.260982513427734,0.8744531273841858,0.05506662279367447,3720.04150390625,-27396.6796875,-31116.662109375,-0.07296663522720337,-2.897491693496704,1.0,0.9976049065589905,0.07780328392982483,0.07296663522720337,32.2579460144043,0.8744247555732727,,,,,,,,,,
,,39202,,,,,,,,,,,5,,,,,,,,,,,,,,,,,,,,,,,,,3626.416015625,-27075.91015625,-30801.32421875,0.05614017695188522,0.019908640533685684,-2.8790645599365234,4951.81396484375,0.9983550310134888,0.0014454717747867107,-0.0037678724620491266
0.00045,0.00045,39249,,,,,,,,,,,,,,,,,,,,,,,,,,,,,,,,,,,,,,,,,,,,,
,,39249,3681.10595703125,-27649.33984375,-31549.80078125,0.05360552668571472,0.04387121647596359,-2.895747184753418,5000.0,0.9780383706092834,0.06142568960785866,0.01750076189637184,6,,,,,,,,,,,,,,,,,,,,,,,,,,,,,,,,,,
0.00045,0.00045,39299,,,,,,,,,,,,,,,,,,,,,,,,,,,,,,,,,,,,,,,,,,,,,
,,39299,3682.6630859375,-28252.3515625,-31528.955078125,0.05367843806743622,-0.08121171593666077,-2.8974483013153076,5000.0,0.9738508462905884,0.00967266596853733,-0.04374251887202263,6,,,,,,,,,,,,,,,,,,,,,,,,,,,,,,,,,,
0.00045,0.00045,39349,,,,,,,,,,,,,,,,,,,,,,,,,,,,,,,,,,,,,,,,,,,,,
,,39349,3632.09619140625,-27408.609375,-31068.119140625,0.0552297905087471,0.005482644308358431,-2.899524450302124,5000.0,1.0129666328430176,0.05781702324748039,0.08339336514472961,6,,,,,,,,,,,,,,,,,,,,,,,,,,,,,,,,,,
0.00045,0.00045,39399,,,,,,,,,,,,,,,,,,,,,,,,,,,,,,,,,,,,,,,,,,,,,
,,39399,3730.951904296875,-26971.529296875,-30340.48046875,0.057680871337652206,-0.0723998099565506,-2.8970839977264404,5000.0,1.0105266571044922,-0.09807460010051727,-0.07702844589948654,6,,,,,,,,,,,,,,,,,,,,,,,,,,,,,,,,,,
0.00045,0.00045,39449,,,,,,,,,,,,,,,,,,,,,,,,,,,,,,,,,,,,,,,,,,,,,
,,39449,3701.62060546875,-27387.375,-31138.38671875,0.05499253794550896,0.009878023527562618,-2.8940062522888184,5000.0,0.9878851175308228,0.13924644887447357,0.11472247540950775,6,,,,,,,,,,,,,,,,,,,,,,,,,,,,,,,,,,
0.00045,0.00045,39499,,,,,,,,,,,,,,,,,,,,,,,,,,,,,,,,,,,,,,,,,,,,,
,,39499,3694.224365234375,-26372.96875,-31049.89453125,0.0552915520966053,0.19654008746147156,-2.8948276042938232,5000.0,1.006170630455017,-0.1637725532054901,-0.15182039141654968,6,,,,,,,,,,,,,,,,,,,,,,,,,,,,,,,,,,
0.00045,0.00045,39549,,,,,,,,,,,,,,,,,,,,,,,,,,,,,,,,,,,,,,,,,,,,,
,,39549,3655.234130859375,-28043.16015625,-30875.26171875,0.05587853491306305,-0.1646265834569931,-2.898582696914673,5000.0,0.9929192066192627,0.10186097770929337,0.0876832902431488,6,,,,,,,,,,,,,,,,,,,,,,,,,,,,,,,,,,
0.00045,0.00045,39599,,,,,,,,,,,,,,,,,,,,,,,,,,,,,,,,,,,,,,,,,,,,,
,,39599,3627.927490234375,-26941.353515625,-31616.234375,0.05339038744568825,0.2722328305244446,-2.900909900665283,3845.803955078125,0.9620479345321655,-0.05497461184859276,-0.1309441477060318,6,,,,,,,,,,,,,,,,,,,,,,,,,,,,,,,,,,
0.00045,0.00045,39649,,,,,,,,,,,,,,,,,,,,,,,,,,,,,,,,,,,,,,,,,,,,,
,,39649,3630.09619140625,-27867.43359375,-31835.12890625,0.052649565041065216,0.06751999258995056,-2.8982462882995605,5000.0,0.9843734502792358,-0.07771413773298264,-0.10903889685869217,6,,,,,,,,,,,,,,,,,,,,,,,,,,,,,,,,,,
0.00045,0.00045,39699,,,,,,,,,,,,,,,,,,,,,,,,,,,,,,,,,,,,,,,,,,,,,
,,39699,3671.626220703125,-29010.427734375,-31749.611328125,0.052940256893634796,-0.18648847937583923,-2.899641752243042,5000.0,0.9925289154052734,0.2165248990058899,0.20145829021930695,6,,,,,,,,,,,,,,,,,,,,,,,,,,,,,,,,,,
0.00045,0.00045,39749,,,,,,,,,,,,,,,,,,,,,,,,,,,,,,,,,,,,,,,,,,,,,
,,39749,3649.57373046875,-28038.779296875,-31329.5703125,0.05435093492269516,-0.07175647467374802,-2.8989734649658203,5000.0,0.9929367899894714,0.007008922286331654,-0.007769668474793434,6,,,,,,,,,,,,,,,,,,,,,,,,,,,,,,,,,,
0.00045,0.00045,39799,,,,,,,,,,,,,,,,,,,,,,,,,,,,,,,,,,,,,,,,,,,,,
,,39799,3607.7724609375,-26389.140625,-31710.197265625,0.05307501554489136,0.342657208442688,-2.9008548259735107,5000.0,0.9350335597991943,-0.13474085927009583,-0.2660500109195709,6,,,,,,,,,,,,,,,,,,,,,,,,,,,,,,,,,,
0.00045,0.00045,39849,,,,,,,,,,,,,,,,,,,,,,,,,,,,,,,,,,,,,,,,,,,,,
,,39849,3623.101318359375,-26933.8046875,-31627.779296875,0.05335021764039993,0.21417446434497833,-2.900036096572876,5000.0,0.9639546275138855,0.010021325200796127,-0.062129467725753784,6,,,,,,,,,,,,,,,,,,,,,,,,,,,,,,,,,,
0.00045,0.00045,39899,,,,,,,,,,,,,,,,,,,,,,,,,,,,,,,,,,,,,,,,,,,,,
,,39899,3681.65771484375,-27401.076171875,-31632.017578125,0.0533284991979599,0.10985666513442993,-2.8958840370178223,5000.0,0.9941647052764893,-0.05238145589828491,-0.06426570564508438,6,,,,,,,,,,,,,,,,,,,,,,,,,,,,,,,,,,
0.00045,0.00045,39949,,,,,,,,,,,,,,,,,,,,,,,,,,,,,,,,,,,,,,,,,,,,,
,,39949,3657.72607421875,-26915.646484375,-31355.447265625,0.0542621873319149,0.1564149260520935,-2.896960496902466,5000.0,1.0042508840560913,-0.14520783722400665,-0.13678734004497528,6,,,,,,,,,,,,,,,,,,,,,,,,,,,,,,,,,,
0.00045,0.00045,39999,,,,,,,,,,,,,,,,,,,,,,,,,,,,,,,,,,,,,,,,,,,,,
,,39999,3674.025390625,-26697.716796875,-31705.171875,0.053095050156116486,0.26668596267700195,-2.90258526802063,5000.0,1.0092836618423462,-0.18830366432666779,-0.16991175711154938,6,,,,,,,,,,,,,,,,,,,,,,,,,,,,,,,,,,
0.00045,0.00045,40049,,,,,,,,,,,,,,,,,,,,,,,,,,,,,,,,,,,,,,,,,,,,,
,,40049,3646.59423828125,-27533.943359375,-31077.482421875,0.05519593507051468,-0.020610809326171875,-2.906545639038086,5000.0,0.988323450088501,0.049658093601465225,0.02623594179749489,6,,,,,,,,,,,,,,,,,,,,,,,,,,,,,,,,,,
0.00045,0.00045,40099,,,,,,,,,,,,,,,,,,,,,,,,,,,,,,,,,,,,,,,,,,,,,
,,40099,3692.3916015625,-27718.140625,-31368.328125,0.05422424525022507,-0.008440869860351086,-2.9039924144744873,5000.0,1.0052380561828613,0.11157383024692535,0.12195076793432236,6,,,,,,,,,,,,,,,,,,,,,,,,,,,,,,,,,,
0.00045,0.00045,40149,,,,,,,,,,,,,,,,,,,,,,,,,,,,,,,,,,,,,,,,,,,,,
,,40149,3704.36328125,-25576.904296875,-30546.5625,0.05697723850607872,0.2530589997768402,-2.902001142501831,5000.0,1.0508017539978027,-0.40176811814308167,-0.3007371127605438,6,,,,,,,,,,,,,,,,,,,,,,,,,,,,,,,,,,
0.00045,0.00045,40199,,,,,,,,,,,,,,,,,,,,,,,,,,,,,,,,,,,,,,,,,,,,,
,,40199,3661.41748046875,-28820.056640625,-31201.9296875,0.054780326783657074,-0.25590890645980835,-2.9001030921936035,5000.0,0.9881517887115479,0.3237658143043518,0.29859521985054016,6,,,,,,,,,,,,,,,,,,,,,,,,,,,,,,,,,,
0.00045,0.00045,40249,,,,,,,,,,,,,,,,,,,,,,,,,,,,,,,,,,,,,,,,,,,,,
,,40249,3615.691650390625,-26446.078125,-31145.5390625,0.05496960133314133,0.21675410866737366,-2.898862600326538,5000.0,0.9413851499557495,-0.09473870694637299,-0.21215225756168365,6,,,,,,,,,,,,,,,,,,,,,,,,,,,,,,,,,,
0.00045,0.00045,40299,,,,,,,,,,,,,,,,,,,,,,,,,,,,,,,,,,,,,,,,,,,,,
,,40299,3657.419921875,-25933.298828125,-30925.95703125,0.055709436535835266,0.2670474648475647,-2.8959743976593018,5000.0,1.0530526638031006,-0.3762776851654053,-0.3255873918533325,6,,,,,,,,,,,,,,,,,,,,,,,,,,,,,,,,,,
0.00045,0.00045,40349,,,,,,,,,,,,,,,,,,,,,,,,,,,,,,,,,,,,,,,,,,,,,
,,40349,3721.6435546875,-27878.65234375,-30735.73046875,0.056340694427490234,-0.17291325330734253,-2.903714656829834,5000.0,0.9954873323440552,0.12654255330562592,0.11690741032361984,6,,,,,,,,,,,,,,,,,,,,,,,,,,,,,,,,,,
0.00045,0.00045,40399,,,,,,,,,,,,,,,,,,,,,,,,,,,,,,,,,,,,,,,,,,,,,
,,40399,3729.5546875,-27985.62109375,-31195.59765625,0.05480104684829712,-0.10391579568386078,-2.910015344619751,5000.0,1.009144902229309,0.17449802160263062,0.19267335534095764,6,,,,,,,,,,,,,,,,,,,,,,,,,,,,,,,,,,
