epoch,global_step,loss,lr-AdamW,step
,,,1e-05,49
,,,1e-05,49
0,49.0,0.2273477166891098,,49
,,,1e-05,99
,,,1e-05,99
0,99.0,0.16919156908988953,,99
,,,1e-05,149
,,,1e-05,149
0,149.0,0.16372311115264893,,149
,,,1e-05,199
,,,1e-05,199
0,199.0,0.1313038468360901,,199
,,,1e-05,249
,,,1e-05,249
0,249.0,0.10408951342105865,,249
,,,1e-05,299
,,,1e-05,299
0,299.0,0.09546633809804916,,299
,,,1e-05,349
,,,1e-05,349
0,349.0,0.09826664626598358,,349
,,,1e-05,399
,,,1e-05,399
0,399.0,0.10008709877729416,,399
,,,1e-05,449
,,,1e-05,449
0,449.0,0.10458316653966904,,449
,,,1e-05,499
,,,1e-05,499
0,499.0,0.09849876165390015,,499
,,,1e-05,549
,,,1e-05,549
0,549.0,0.0900619849562645,,549
,,,1e-05,599
,,,1e-05,599
0,599.0,0.10634374618530273,,599
,,,1e-05,649
,,,1e-05,649
0,649.0,0.09566225856542587,,649
,,,1e-05,699
,,,1e-05,699
0,699.0,0.09671971201896667,,699
,,,1e-05,749
,,,1e-05,749
0,749.0,0.09847377985715866,,749
,,,1e-05,799
,,,1e-05,799
0,799.0,0.10254186391830444,,799
,,,1e-05,849
,,,1e-05,849
0,849.0,0.0864894688129425,,849
,,,1e-05,899
,,,1e-05,899
0,899.0,0.1003509983420372,,899
,,,1e-05,949
,,,1e-05,949
0,949.0,0.09478797763586044,,949
,,,1e-05,999
,,,1e-05,999
0,999.0,0.09194894880056381,,999
,,,1e-05,1049
,,,1e-05,1049
0,1049.0,0.09389439225196838,,1049
,,,1e-05,1099
,,,1e-05,1099
0,1099.0,0.09366177022457123,,1099
,,,1e-05,1149
,,,1e-05,1149
0,1149.0,0.10183124244213104,,1149
,,,1e-05,1199
,,,1e-05,1199
0,1199.0,0.10126038640737534,,1199
,,,1e-05,1249
,,,1e-05,1249
0,1249.0,0.09282605350017548,,1249
,,,1e-05,1299
,,,1e-05,1299
0,1299.0,0.08640582859516144,,1299
,,,1e-05,1349
,,,1e-05,1349
0,1349.0,0.0897846519947052,,1349
,,,1e-05,1399
,,,1e-05,1399
0,1399.0,0.08831755816936493,,1399
,,,1e-05,1449
,,,1e-05,1449
0,1449.0,0.09177591651678085,,1449
,,,1e-05,1499
,,,1e-05,1499
0,1499.0,0.09196268767118454,,1499
,,,1e-05,1549
,,,1e-05,1549
0,1549.0,0.08927866071462631,,1549
,,,1e-05,1599
,,,1e-05,1599
0,1599.0,0.08693109452724457,,1599
,,,1e-05,1649
,,,1e-05,1649
0,1649.0,0.08425574749708176,,1649
,,,1e-05,1699
,,,1e-05,1699
0,1699.0,0.09462197870016098,,1699
,,,1e-05,1749
,,,1e-05,1749
0,1749.0,0.08678770065307617,,1749
,,,1e-05,1799
,,,1e-05,1799
0,1799.0,0.0925246924161911,,1799
,,,1e-05,1849
,,,1e-05,1849
0,1849.0,0.09698470681905746,,1849
,,,1e-05,1899
,,,1e-05,1899
0,1899.0,0.09250309318304062,,1899
,,,1e-05,1949
,,,1e-05,1949
0,1949.0,0.0907575786113739,,1949
,,,1e-05,1999
,,,1e-05,1999
0,1999.0,0.08583180606365204,,1999
,,,1e-05,2049
,,,1e-05,2049
0,2049.0,0.09060607850551605,,2049
,,,1e-05,2099
,,,1e-05,2099
0,2099.0,0.09092901647090912,,2099
,,,1e-05,2149
,,,1e-05,2149
0,2149.0,0.09077303111553192,,2149
,,,1e-05,2199
,,,1e-05,2199
0,2199.0,0.10035078227519989,,2199
,,,1e-05,2249
,,,1e-05,2249
0,2249.0,0.08761641383171082,,2249
,,,1e-05,2299
,,,1e-05,2299
0,2299.0,0.07997436821460724,,2299
,,,1e-05,2349
,,,1e-05,2349
0,2349.0,0.0865701287984848,,2349
,,,1e-05,2399
,,,1e-05,2399
0,2399.0,0.10550956428050995,,2399
,,,1e-05,2449
,,,1e-05,2449
0,2449.0,0.09286471456289291,,2449
,,,1e-05,2499
,,,1e-05,2499
0,2499.0,0.08527964353561401,,2499
,,,1e-05,2549
,,,1e-05,2549
0,2549.0,0.08847920596599579,,2549
,,,1e-05,2599
,,,1e-05,2599
0,2599.0,0.08534809201955795,,2599
,,,1e-05,2649
,,,1e-05,2649
0,2649.0,0.08611999452114105,,2649
,,,1e-05,2699
,,,1e-05,2699
0,2699.0,0.09159895032644272,,2699
,,,1e-05,2749
,,,1e-05,2749
0,2749.0,0.08794983476400375,,2749
,,,1e-05,2799
,,,1e-05,2799
0,2799.0,0.08808281272649765,,2799
,,,1e-05,2849
,,,1e-05,2849
0,2849.0,0.08728758990764618,,2849
,,,1e-05,2899
,,,1e-05,2899
0,2899.0,0.08780224621295929,,2899
,,,1e-05,2949
,,,1e-05,2949
0,2949.0,0.08705838769674301,,2949
,,,1e-05,2999
,,,1e-05,2999
0,2999.0,0.09065373241901398,,2999
,,,1e-05,3049
,,,1e-05,3049
0,3049.0,0.08600808680057526,,3049
,,,1e-05,3099
,,,1e-05,3099
0,3099.0,0.09674196690320969,,3099
,,,1e-05,3149
,,,1e-05,3149
0,3149.0,0.08361266553401947,,3149
,,,1e-05,3199
,,,1e-05,3199
0,3199.0,0.08009427040815353,,3199
,,,1e-05,3249
,,,1e-05,3249
0,3249.0,0.08737748861312866,,3249
,,,1e-05,3299
,,,1e-05,3299
0,3299.0,0.0835413783788681,,3299
,,,1e-05,3349
,,,1e-05,3349
0,3349.0,0.08256085962057114,,3349
,,,1e-05,3399
,,,1e-05,3399
0,3399.0,0.08297204971313477,,3399
,,,1e-05,3449
,,,1e-05,3449
0,3449.0,0.09420035779476166,,3449
,,,1e-05,3499
,,,1e-05,3499
0,3499.0,0.08728621900081635,,3499
,,,1e-05,3549
,,,1e-05,3549
0,3549.0,0.07939773797988892,,3549
,,,1e-05,3599
,,,1e-05,3599
0,3599.0,0.08446365594863892,,3599
,,,1e-05,3649
,,,1e-05,3649
0,3649.0,0.09208305925130844,,3649
,,,1e-05,3699
,,,1e-05,3699
0,3699.0,0.09020509570837021,,3699
,,,1e-05,3749
,,,1e-05,3749
0,3749.0,0.08760571479797363,,3749
,,,1e-05,3799
,,,1e-05,3799
1,3799.0,0.0910702496767044,,3799
,,,1e-05,3849
,,,1e-05,3849
1,3849.0,0.09325096011161804,,3849
,,,1e-05,3899
,,,1e-05,3899
1,3899.0,0.095420703291893,,3899
,,,1e-05,3949
,,,1e-05,3949
1,3949.0,0.0876660943031311,,3949
,,,1e-05,3999
,,,1e-05,3999
1,3999.0,0.08401115238666534,,3999
,,,1e-05,4049
,,,1e-05,4049
1,4049.0,0.08246578276157379,,4049
,,,1e-05,4099
,,,1e-05,4099
1,4099.0,0.0779581367969513,,4099
,,,1e-05,4149
,,,1e-05,4149
1,4149.0,0.0797182247042656,,4149
,,,1e-05,4199
,,,1e-05,4199
1,4199.0,0.09136848896741867,,4199
,,,1e-05,4249
,,,1e-05,4249
1,4249.0,0.08994433283805847,,4249
,,,1e-05,4299
,,,1e-05,4299
1,4299.0,0.07886819541454315,,4299
,,,1e-05,4349
,,,1e-05,4349
1,4349.0,0.0868779644370079,,4349
,,,1e-05,4399
,,,1e-05,4399
1,4399.0,0.08605515211820602,,4399
,,,1e-05,4449
,,,1e-05,4449
1,4449.0,0.08688275516033173,,4449
,,,1e-05,4499
,,,1e-05,4499
1,4499.0,0.07756387442350388,,4499
,,,1e-05,4549
,,,1e-05,4549
1,4549.0,0.096441350877285,,4549
,,,1e-05,4599
,,,1e-05,4599
1,4599.0,0.0987580418586731,,4599
,,,1e-05,4649
,,,1e-05,4649
1,4649.0,0.092812679708004,,4649
,,,1e-05,4699
,,,1e-05,4699
1,4699.0,0.09101798385381699,,4699
,,,1e-05,4749
,,,1e-05,4749
1,4749.0,0.08268922567367554,,4749
,,,1e-05,4799
,,,1e-05,4799
1,4799.0,0.08989419043064117,,4799
,,,1e-05,4849
,,,1e-05,4849
1,4849.0,0.0803898423910141,,4849
,,,1e-05,4899
,,,1e-05,4899
1,4899.0,0.0829974114894867,,4899
,,,1e-05,4949
,,,1e-05,4949
1,4949.0,0.09155148267745972,,4949
,,,1e-05,4999
,,,1e-05,4999
1,4999.0,0.08800530433654785,,4999
,,,1e-05,5049
,,,1e-05,5049
1,5049.0,0.09315501153469086,,5049
,,,1e-05,5099
,,,1e-05,5099
1,5099.0,0.08928881585597992,,5099
,,,1e-05,5149
,,,1e-05,5149
1,5149.0,0.08609747886657715,,5149
,,,1e-05,5199
,,,1e-05,5199
1,5199.0,0.09440626949071884,,5199
,,,1e-05,5249
,,,1e-05,5249
1,5249.0,0.09363692998886108,,5249
,,,1e-05,5299
,,,1e-05,5299
1,5299.0,0.08186247944831848,,5299
,,,1e-05,5349
,,,1e-05,5349
1,5349.0,0.08660133183002472,,5349
,,,1e-05,5399
,,,1e-05,5399
1,5399.0,0.08802269399166107,,5399
,,,1e-05,5449
,,,1e-05,5449
1,5449.0,0.08394370973110199,,5449
,,,1e-05,5499
,,,1e-05,5499
1,5499.0,0.10179793834686279,,5499
,,,1e-05,5549
,,,1e-05,5549
1,5549.0,0.08452029526233673,,5549
,,,1e-05,5599
,,,1e-05,5599
1,5599.0,0.08439084142446518,,5599
,,,1e-05,5649
,,,1e-05,5649
1,5649.0,0.07841667532920837,,5649
,,,1e-05,5699
,,,1e-05,5699
1,5699.0,0.08864855766296387,,5699
,,,1e-05,5749
,,,1e-05,5749
1,5749.0,0.09100180864334106,,5749
,,,1e-05,5799
,,,1e-05,5799
1,5799.0,0.08070599287748337,,5799
,,,1e-05,5849
,,,1e-05,5849
1,5849.0,0.09522300213575363,,5849
,,,1e-05,5899
,,,1e-05,5899
1,5899.0,0.07470344007015228,,5899
,,,1e-05,5949
,,,1e-05,5949
1,5949.0,0.07710359990596771,,5949
,,,1e-05,5999
,,,1e-05,5999
1,5999.0,0.09049509465694427,,5999
,,,1e-05,6049
,,,1e-05,6049
1,6049.0,0.09047975391149521,,6049
,,,1e-05,6099
,,,1e-05,6099
1,6099.0,0.08297841250896454,,6099
,,,1e-05,6149
,,,1e-05,6149
1,6149.0,0.08769774436950684,,6149
,,,1e-05,6199
,,,1e-05,6199
1,6199.0,0.09245070070028305,,6199
,,,1e-05,6249
,,,1e-05,6249
1,6249.0,0.08728250116109848,,6249
,,,1e-05,6299
,,,1e-05,6299
1,6299.0,0.07610960304737091,,6299
,,,1e-05,6349
,,,1e-05,6349
1,6349.0,0.09456273913383484,,6349
,,,1e-05,6399
,,,1e-05,6399
1,6399.0,0.09406306594610214,,6399
,,,1e-05,6449
,,,1e-05,6449
1,6449.0,0.08361615985631943,,6449
,,,1e-05,6499
,,,1e-05,6499
1,6499.0,0.08881451189517975,,6499
,,,1e-05,6549
,,,1e-05,6549
1,6549.0,0.08719578385353088,,6549
,,,1e-05,6599
,,,1e-05,6599
1,6599.0,0.08987711369991302,,6599
,,,1e-05,6649
,,,1e-05,6649
1,6649.0,0.07961168140172958,,6649
,,,1e-05,6699
,,,1e-05,6699
1,6699.0,0.08445635437965393,,6699
,,,1e-05,6749
,,,1e-05,6749
1,6749.0,0.07878287881612778,,6749
,,,1e-05,6799
,,,1e-05,6799
1,6799.0,0.09119968861341476,,6799
,,,1e-05,6849
,,,1e-05,6849
1,6849.0,0.09318430721759796,,6849
,,,1e-05,6899
,,,1e-05,6899
1,6899.0,0.09359797090291977,,6899
,,,1e-05,6949
,,,1e-05,6949
1,6949.0,0.08893941342830658,,6949
,,,1e-05,6999
,,,1e-05,6999
1,6999.0,0.0794001892209053,,6999
,,,1e-05,7049
,,,1e-05,7049
1,7049.0,0.08469663560390472,,7049
,,,1e-05,7099
,,,1e-05,7099
1,7099.0,0.08796047419309616,,7099
,,,1e-05,7149
,,,1e-05,7149
1,7149.0,0.08806967735290527,,7149
,,,1e-05,7199
,,,1e-05,7199
1,7199.0,0.0845593810081482,,7199
,,,1e-05,7249
,,,1e-05,7249
1,7249.0,0.0840330421924591,,7249
,,,1e-05,7299
,,,1e-05,7299
1,7299.0,0.09000088274478912,,7299
,,,1e-05,7349
,,,1e-05,7349
1,7349.0,0.08456902205944061,,7349
,,,1e-05,7399
,,,1e-05,7399
1,7399.0,0.08929001539945602,,7399
,,,1e-05,7449
,,,1e-05,7449
1,7449.0,0.0905364602804184,,7449
,,,1e-05,7499
,,,1e-05,7499
1,7499.0,0.08670589327812195,,7499
,,,1e-05,7549
,,,1e-05,7549
1,7549.0,0.0770481675863266,,7549
,,,1e-05,7599
,,,1e-05,7599
2,7599.0,0.09152407944202423,,7599
,,,1e-05,7649
,,,1e-05,7649
2,7649.0,0.09154683351516724,,7649
,,,1e-05,7699
,,,1e-05,7699
2,7699.0,0.08008216321468353,,7699
,,,1e-05,7749
,,,1e-05,7749
2,7749.0,0.09894800186157227,,7749
,,,1e-05,7799
,,,1e-05,7799
2,7799.0,0.08230546861886978,,7799
,,,1e-05,7849
,,,1e-05,7849
2,7849.0,0.08323931694030762,,7849
,,,1e-05,7899
,,,1e-05,7899
2,7899.0,0.08183445036411285,,7899
,,,1e-05,7949
,,,1e-05,7949
2,7949.0,0.08708421885967255,,7949
,,,1e-05,7999
,,,1e-05,7999
2,7999.0,0.07581622898578644,,7999
,,,1e-05,8049
,,,1e-05,8049
2,8049.0,0.08168666064739227,,8049
,,,1e-05,8099
,,,1e-05,8099
2,8099.0,0.08783343434333801,,8099
,,,1e-05,8149
,,,1e-05,8149
2,8149.0,0.0851936861872673,,8149
,,,1e-05,8199
,,,1e-05,8199
2,8199.0,0.09789468348026276,,8199
,,,1e-05,8249
,,,1e-05,8249
2,8249.0,0.08498363196849823,,8249
,,,1e-05,8299
,,,1e-05,8299
2,8299.0,0.09149952232837677,,8299
,,,1e-05,8349
,,,1e-05,8349
2,8349.0,0.0810418576002121,,8349
,,,1e-05,8399
,,,1e-05,8399
2,8399.0,0.07689108699560165,,8399
,,,1e-05,8449
,,,1e-05,8449
2,8449.0,0.09351122379302979,,8449
,,,1e-05,8499
,,,1e-05,8499
2,8499.0,0.08916707336902618,,8499
,,,1e-05,8549
,,,1e-05,8549
2,8549.0,0.07914113253355026,,8549
,,,1e-05,8599
,,,1e-05,8599
2,8599.0,0.08683590590953827,,8599
,,,1e-05,8649
,,,1e-05,8649
2,8649.0,0.07672543823719025,,8649
,,,1e-05,8699
,,,1e-05,8699
2,8699.0,0.09413321316242218,,8699
,,,1e-05,8749
,,,1e-05,8749
2,8749.0,0.09020545333623886,,8749
,,,1e-05,8799
,,,1e-05,8799
2,8799.0,0.08023210614919662,,8799
,,,1e-05,8849
,,,1e-05,8849
2,8849.0,0.08728470653295517,,8849
,,,1e-05,8899
,,,1e-05,8899
2,8899.0,0.09116402268409729,,8899
,,,1e-05,8949
,,,1e-05,8949
2,8949.0,0.09202056378126144,,8949
,,,1e-05,8999
,,,1e-05,8999
2,8999.0,0.08000101149082184,,8999
,,,1e-05,9049
,,,1e-05,9049
2,9049.0,0.08381567895412445,,9049
,,,1e-05,9099
,,,1e-05,9099
2,9099.0,0.08067214488983154,,9099
,,,1e-05,9149
,,,1e-05,9149
2,9149.0,0.08186475932598114,,9149
,,,1e-05,9199
,,,1e-05,9199
2,9199.0,0.09146277606487274,,9199
,,,1e-05,9249
,,,1e-05,9249
2,9249.0,0.08755936473608017,,9249
,,,1e-05,9299
,,,1e-05,9299
2,9299.0,0.1064281314611435,,9299
,,,1e-05,9349
,,,1e-05,9349
2,9349.0,0.08115501701831818,,9349
,,,1e-05,9399
,,,1e-05,9399
2,9399.0,0.09065340459346771,,9399
,,,1e-05,9449
,,,1e-05,9449
2,9449.0,0.09656371921300888,,9449
,,,1e-05,9499
,,,1e-05,9499
2,9499.0,0.08901893347501755,,9499
,,,1e-05,9549
,,,1e-05,9549
2,9549.0,0.08547064661979675,,9549
,,,1e-05,9599
,,,1e-05,9599
2,9599.0,0.08139069378376007,,9599
,,,1e-05,9649
,,,1e-05,9649
2,9649.0,0.08755998313426971,,9649
,,,1e-05,9699
,,,1e-05,9699
2,9699.0,0.10540889948606491,,9699
,,,1e-05,9749
,,,1e-05,9749
2,9749.0,0.10646288096904755,,9749
,,,1e-05,9799
,,,1e-05,9799
2,9799.0,0.08684595674276352,,9799
,,,1e-05,9849
,,,1e-05,9849
2,9849.0,0.08745341002941132,,9849
,,,1e-05,9899
,,,1e-05,9899
2,9899.0,0.09083037823438644,,9899
,,,1e-05,9949
,,,1e-05,9949
2,9949.0,0.09834620356559753,,9949
,,,1e-05,9999
,,,1e-05,9999
2,9999.0,0.0881611704826355,,9999
,,,1e-05,10049
,,,1e-05,10049
2,10049.0,0.08702033758163452,,10049
,,,1e-05,10099
,,,1e-05,10099
2,10099.0,0.08746205270290375,,10099
,,,1e-05,10149
,,,1e-05,10149
2,10149.0,0.08765603601932526,,10149
,,,1e-05,10199
,,,1e-05,10199
2,10199.0,0.09416092932224274,,10199
,,,1e-05,10249
,,,1e-05,10249
2,10249.0,0.08691751956939697,,10249
,,,1e-05,10299
,,,1e-05,10299
2,10299.0,0.09311491250991821,,10299
,,,1e-05,10349
,,,1e-05,10349
2,10349.0,0.0784984603524208,,10349
,,,1e-05,10399
,,,1e-05,10399
2,10399.0,0.08231966197490692,,10399
,,,1e-05,10449
,,,1e-05,10449
2,10449.0,0.09286561608314514,,10449
,,,1e-05,10499
,,,1e-05,10499
2,10499.0,0.09191328287124634,,10499
,,,1e-05,10549
,,,1e-05,10549
2,10549.0,0.08967062085866928,,10549
,,,1e-05,10599
,,,1e-05,10599
2,10599.0,0.08952713012695312,,10599
,,,1e-05,10649
,,,1e-05,10649
2,10649.0,0.08991144597530365,,10649
,,,1e-05,10699
,,,1e-05,10699
2,10699.0,0.09545086324214935,,10699
,,,1e-05,10749
,,,1e-05,10749
2,10749.0,0.07976919412612915,,10749
,,,1e-05,10799
,,,1e-05,10799
2,10799.0,0.09312641620635986,,10799
,,,1e-05,10849
,,,1e-05,10849
2,10849.0,0.08767148107290268,,10849
,,,1e-05,10899
,,,1e-05,10899
2,10899.0,0.08594387769699097,,10899
,,,1e-05,10949
,,,1e-05,10949
2,10949.0,0.08069741725921631,,10949
,,,1e-05,10999
,,,1e-05,10999
2,10999.0,0.08251886814832687,,10999
,,,1e-05,11049
,,,1e-05,11049
2,11049.0,0.07959650456905365,,11049
,,,1e-05,11099
,,,1e-05,11099
2,11099.0,0.08124998211860657,,11099
,,,1e-05,11149
,,,1e-05,11149
2,11149.0,0.084933340549469,,11149
,,,1e-05,11199
,,,1e-05,11199
2,11199.0,0.08754947781562805,,11199
,,,1e-05,11249
,,,1e-05,11249
2,11249.0,0.09247870743274689,,11249
,,,1e-05,11299
,,,1e-05,11299
2,11299.0,0.078948974609375,,11299
,,,1e-05,11349
,,,1e-05,11349
2,11349.0,0.07599814236164093,,11349
,,,1e-05,11399
,,,1e-05,11399
3,11399.0,0.07795789837837219,,11399
,,,1e-05,11449
,,,1e-05,11449
3,11449.0,0.07743224501609802,,11449
,,,1e-05,11499
,,,1e-05,11499
3,11499.0,0.08330856263637543,,11499
,,,1e-05,11549
,,,1e-05,11549
3,11549.0,0.09843473136425018,,11549
,,,1e-05,11599
,,,1e-05,11599
3,11599.0,0.08531977236270905,,11599
,,,1e-05,11649
,,,1e-05,11649
3,11649.0,0.10065703094005585,,11649
,,,1e-05,11699
,,,1e-05,11699
3,11699.0,0.08684512227773666,,11699
,,,1e-05,11749
,,,1e-05,11749
3,11749.0,0.0923212319612503,,11749
,,,1e-05,11799
,,,1e-05,11799
3,11799.0,0.08811452984809875,,11799
,,,1e-05,11849
,,,1e-05,11849
3,11849.0,0.08475928753614426,,11849
,,,1e-05,11899
,,,1e-05,11899
3,11899.0,0.09186694025993347,,11899
,,,1e-05,11949
,,,1e-05,11949
3,11949.0,0.09323184937238693,,11949
,,,1e-05,11999
,,,1e-05,11999
3,11999.0,0.08857129514217377,,11999
,,,1e-05,12049
,,,1e-05,12049
3,12049.0,0.09494438767433167,,12049
,,,1e-05,12099
,,,1e-05,12099
3,12099.0,0.08910568803548813,,12099
,,,1e-05,12149
,,,1e-05,12149
3,12149.0,0.09508661925792694,,12149
,,,1e-05,12199
,,,1e-05,12199
3,12199.0,0.08238726854324341,,12199
,,,1e-05,12249
,,,1e-05,12249
3,12249.0,0.08083944022655487,,12249
,,,1e-05,12299
,,,1e-05,12299
3,12299.0,0.08641721308231354,,12299
,,,1e-05,12349
,,,1e-05,12349
3,12349.0,0.08190940320491791,,12349
,,,1e-05,12399
,,,1e-05,12399
3,12399.0,0.09309786558151245,,12399
,,,1e-05,12449
,,,1e-05,12449
3,12449.0,0.07863694429397583,,12449
,,,1e-05,12499
,,,1e-05,12499
3,12499.0,0.07971228659152985,,12499
,,,1e-05,12549
,,,1e-05,12549
3,12549.0,0.08478845655918121,,12549
,,,1e-05,12599
,,,1e-05,12599
3,12599.0,0.08474104106426239,,12599
,,,1e-05,12649
,,,1e-05,12649
3,12649.0,0.09517966210842133,,12649
,,,1e-05,12699
,,,1e-05,12699
3,12699.0,0.0865471214056015,,12699
,,,1e-05,12749
,,,1e-05,12749
3,12749.0,0.07619329541921616,,12749
,,,1e-05,12799
,,,1e-05,12799
3,12799.0,0.0776321142911911,,12799
,,,1e-05,12849
,,,1e-05,12849
3,12849.0,0.09046904742717743,,12849
,,,1e-05,12899
,,,1e-05,12899
3,12899.0,0.08672954142093658,,12899
,,,1e-05,12949
,,,1e-05,12949
3,12949.0,0.08890803903341293,,12949
,,,1e-05,12999
,,,1e-05,12999
3,12999.0,0.08302672207355499,,12999
,,,1e-05,13049
,,,1e-05,13049
3,13049.0,0.08932764828205109,,13049
,,,1e-05,13099
,,,1e-05,13099
3,13099.0,0.08632101118564606,,13099
,,,1e-05,13149
,,,1e-05,13149
3,13149.0,0.08064603060483932,,13149
,,,1e-05,13199
,,,1e-05,13199
3,13199.0,0.08833456039428711,,13199
,,,1e-05,13249
,,,1e-05,13249
3,13249.0,0.09004247188568115,,13249
,,,1e-05,13299
,,,1e-05,13299
3,13299.0,0.0779162347316742,,13299
,,,1e-05,13349
,,,1e-05,13349
3,13349.0,0.0903456062078476,,13349
,,,1e-05,13399
,,,1e-05,13399
3,13399.0,0.08409025520086288,,13399
,,,1e-05,13449
,,,1e-05,13449
3,13449.0,0.08147158473730087,,13449
,,,1e-05,13499
,,,1e-05,13499
3,13499.0,0.08876270055770874,,13499
,,,1e-05,13549
,,,1e-05,13549
3,13549.0,0.08353620767593384,,13549
,,,1e-05,13599
,,,1e-05,13599
3,13599.0,0.09414833784103394,,13599
,,,1e-05,13649
,,,1e-05,13649
3,13649.0,0.08649373054504395,,13649
,,,1e-05,13699
,,,1e-05,13699
3,13699.0,0.08399993181228638,,13699
,,,1e-05,13749
,,,1e-05,13749
3,13749.0,0.09443038702011108,,13749
,,,1e-05,13799
,,,1e-05,13799
3,13799.0,0.08317242562770844,,13799
,,,1e-05,13849
,,,1e-05,13849
3,13849.0,0.07557977735996246,,13849
,,,1e-05,13899
,,,1e-05,13899
3,13899.0,0.08547648042440414,,13899
,,,1e-05,13949
,,,1e-05,13949
3,13949.0,0.08766326308250427,,13949
,,,1e-05,13999
,,,1e-05,13999
3,13999.0,0.08827637135982513,,13999
,,,1e-05,14049
,,,1e-05,14049
3,14049.0,0.08899464458227158,,14049
,,,1e-05,14099
,,,1e-05,14099
3,14099.0,0.09199589490890503,,14099
,,,1e-05,14149
,,,1e-05,14149
3,14149.0,0.08420008420944214,,14149
,,,1e-05,14199
,,,1e-05,14199
3,14199.0,0.08705457299947739,,14199
,,,1e-05,14249
,,,1e-05,14249
3,14249.0,0.08332553505897522,,14249
,,,1e-05,14299
,,,1e-05,14299
3,14299.0,0.08498494327068329,,14299
,,,1e-05,14349
,,,1e-05,14349
3,14349.0,0.0958041176199913,,14349
,,,1e-05,14399
,,,1e-05,14399
3,14399.0,0.09116898477077484,,14399
,,,1e-05,14449
,,,1e-05,14449
3,14449.0,0.08921843022108078,,14449
,,,1e-05,14499
,,,1e-05,14499
3,14499.0,0.08650290966033936,,14499
,,,1e-05,14549
,,,1e-05,14549
3,14549.0,0.07896213233470917,,14549
,,,1e-05,14599
,,,1e-05,14599
3,14599.0,0.09480802714824677,,14599
,,,1e-05,14649
,,,1e-05,14649
3,14649.0,0.07321962714195251,,14649
,,,1e-05,14699
,,,1e-05,14699
3,14699.0,0.07661457359790802,,14699
,,,1e-05,14749
,,,1e-05,14749
3,14749.0,0.09379732608795166,,14749
,,,1e-05,14799
,,,1e-05,14799
3,14799.0,0.09979137033224106,,14799
,,,1e-05,14849
,,,1e-05,14849
3,14849.0,0.08497504889965057,,14849
,,,1e-05,14899
,,,1e-05,14899
3,14899.0,0.09162889420986176,,14899
,,,1e-05,14949
,,,1e-05,14949
3,14949.0,0.088624507188797,,14949
,,,1e-05,14999
,,,1e-05,14999
3,14999.0,0.08143212646245956,,14999
,,,1e-05,15049
,,,1e-05,15049
3,15049.0,0.08134007453918457,,15049
,,,1e-05,15099
,,,1e-05,15099
3,15099.0,0.0771392285823822,,15099
,,,1e-05,15149
,,,1e-05,15149
3,15149.0,0.0825652927160263,,15149
,,,1e-05,15199
,,,1e-05,15199
4,15199.0,0.07724042236804962,,15199
,,,1e-05,15249
,,,1e-05,15249
4,15249.0,0.08489449322223663,,15249
,,,1e-05,15299
,,,1e-05,15299
4,15299.0,0.0826217383146286,,15299
,,,1e-05,15349
,,,1e-05,15349
4,15349.0,0.08883580565452576,,15349
,,,1e-05,15399
,,,1e-05,15399
4,15399.0,0.11049467325210571,,15399
,,,1e-05,15449
,,,1e-05,15449
4,15449.0,0.0791555643081665,,15449
,,,1e-05,15499
,,,1e-05,15499
4,15499.0,0.09382452815771103,,15499
,,,1e-05,15549
,,,1e-05,15549
4,15549.0,0.09482000768184662,,15549
,,,1e-05,15599
,,,1e-05,15599
4,15599.0,0.09758579730987549,,15599
,,,1e-05,15649
,,,1e-05,15649
4,15649.0,0.08489358425140381,,15649
,,,1e-05,15699
,,,1e-05,15699
4,15699.0,0.08896961063146591,,15699
,,,1e-05,15749
,,,1e-05,15749
4,15749.0,0.08237800747156143,,15749
,,,1e-05,15799
,,,1e-05,15799
4,15799.0,0.0907023549079895,,15799
,,,1e-05,15849
,,,1e-05,15849
4,15849.0,0.08525550365447998,,15849
,,,1e-05,15899
,,,1e-05,15899
4,15899.0,0.08573602139949799,,15899
,,,1e-05,15949
,,,1e-05,15949
4,15949.0,0.08475013822317123,,15949
,,,1e-05,15999
,,,1e-05,15999
4,15999.0,0.08163116127252579,,15999
,,,1e-05,16049
,,,1e-05,16049
4,16049.0,0.07815840095281601,,16049
,,,1e-05,16099
,,,1e-05,16099
4,16099.0,0.08967006206512451,,16099
,,,1e-05,16149
,,,1e-05,16149
4,16149.0,0.07503516972064972,,16149
,,,1e-05,16199
,,,1e-05,16199
4,16199.0,0.07615604996681213,,16199
,,,1e-05,16249
,,,1e-05,16249
4,16249.0,0.08414994925260544,,16249
,,,1e-05,16299
,,,1e-05,16299
4,16299.0,0.07715833187103271,,16299
,,,1e-05,16349
,,,1e-05,16349
4,16349.0,0.09210275113582611,,16349
,,,1e-05,16399
,,,1e-05,16399
4,16399.0,0.08839380741119385,,16399
,,,1e-05,16449
,,,1e-05,16449
4,16449.0,0.08720602840185165,,16449
,,,1e-05,16499
,,,1e-05,16499
4,16499.0,0.09037771821022034,,16499
,,,1e-05,16549
,,,1e-05,16549
4,16549.0,0.08544759452342987,,16549
,,,1e-05,16599
,,,1e-05,16599
4,16599.0,0.08110815286636353,,16599
,,,1e-05,16649
,,,1e-05,16649
4,16649.0,0.09036096185445786,,16649
,,,1e-05,16699
,,,1e-05,16699
4,16699.0,0.08731754869222641,,16699
,,,1e-05,16749
,,,1e-05,16749
4,16749.0,0.09040570259094238,,16749
,,,1e-05,16799
,,,1e-05,16799
4,16799.0,0.09284432977437973,,16799
,,,1e-05,16849
,,,1e-05,16849
4,16849.0,0.08590736240148544,,16849
,,,1e-05,16899
,,,1e-05,16899
4,16899.0,0.08269819617271423,,16899
,,,1e-05,16949
,,,1e-05,16949
4,16949.0,0.07814858853816986,,16949
,,,1e-05,16999
,,,1e-05,16999
4,16999.0,0.0797487422823906,,16999
,,,1e-05,17049
,,,1e-05,17049
4,17049.0,0.09463342279195786,,17049
,,,1e-05,17099
,,,1e-05,17099
4,17099.0,0.09212618321180344,,17099
,,,1e-05,17149
,,,1e-05,17149
4,17149.0,0.10020537674427032,,17149
,,,1e-05,17199
,,,1e-05,17199
4,17199.0,0.08483701944351196,,17199
,,,1e-05,17249
,,,1e-05,17249
4,17249.0,0.08985045552253723,,17249
,,,1e-05,17299
,,,1e-05,17299
4,17299.0,0.08766764402389526,,17299
,,,1e-05,17349
,,,1e-05,17349
4,17349.0,0.08782675117254257,,17349
,,,1e-05,17399
,,,1e-05,17399
4,17399.0,0.08494438230991364,,17399
,,,1e-05,17449
,,,1e-05,17449
4,17449.0,0.08230694383382797,,17449
,,,1e-05,17499
,,,1e-05,17499
4,17499.0,0.09131793677806854,,17499
,,,1e-05,17549
,,,1e-05,17549
4,17549.0,0.0840219110250473,,17549
,,,1e-05,17599
,,,1e-05,17599
4,17599.0,0.07840552181005478,,17599
,,,1e-05,17649
,,,1e-05,17649
4,17649.0,0.07887624949216843,,17649
,,,1e-05,17699
,,,1e-05,17699
4,17699.0,0.08255726099014282,,17699
,,,1e-05,17749
,,,1e-05,17749
4,17749.0,0.07875978201627731,,17749
,,,1e-05,17799
,,,1e-05,17799
4,17799.0,0.08296054601669312,,17799
,,,1e-05,17849
,,,1e-05,17849
4,17849.0,0.08298993110656738,,17849
,,,1e-05,17899
,,,1e-05,17899
4,17899.0,0.07971011102199554,,17899
,,,1e-05,17949
,,,1e-05,17949
4,17949.0,0.09535545110702515,,17949
,,,1e-05,17999
,,,1e-05,17999
4,17999.0,0.08508773893117905,,17999
,,,1e-05,18049
,,,1e-05,18049
4,18049.0,0.08411931246519089,,18049
,,,1e-05,18099
,,,1e-05,18099
4,18099.0,0.08916345238685608,,18099
,,,1e-05,18149
,,,1e-05,18149
4,18149.0,0.08441214263439178,,18149
,,,1e-05,18199
,,,1e-05,18199
4,18199.0,0.0817912369966507,,18199
,,,1e-05,18249
,,,1e-05,18249
4,18249.0,0.09461810439825058,,18249
,,,1e-05,18299
,,,1e-05,18299
4,18299.0,0.08818916976451874,,18299
,,,1e-05,18349
,,,1e-05,18349
4,18349.0,0.08584555238485336,,18349
,,,1e-05,18399
,,,1e-05,18399
4,18399.0,0.08238332718610764,,18399
,,,1e-05,18449
,,,1e-05,18449
4,18449.0,0.08824144303798676,,18449
,,,1e-05,18499
,,,1e-05,18499
4,18499.0,0.08520021289587021,,18499
,,,1e-05,18549
,,,1e-05,18549
4,18549.0,0.08322817087173462,,18549
,,,1e-05,18599
,,,1e-05,18599
4,18599.0,0.09942903369665146,,18599
,,,1e-05,18649
,,,1e-05,18649
4,18649.0,0.08103790879249573,,18649
,,,1e-05,18699
,,,1e-05,18699
4,18699.0,0.08840977400541306,,18699
,,,1e-05,18749
,,,1e-05,18749
4,18749.0,0.08256582170724869,,18749
,,,1e-05,18799
,,,1e-05,18799
4,18799.0,0.07835536450147629,,18799
,,,1e-05,18849
,,,1e-05,18849
4,18849.0,0.08073744177818298,,18849
,,,1e-05,18899
,,,1e-05,18899
4,18899.0,0.09555210918188095,,18899
,,,1e-05,18949
,,,1e-05,18949
4,18949.0,0.09876039624214172,,18949
,,,1e-05,18999
,,,1e-05,18999
5,18999.0,0.08408306539058685,,18999
,,,1e-05,19049
,,,1e-05,19049
5,19049.0,0.08616357296705246,,19049
,,,1e-05,19099
,,,1e-05,19099
5,19099.0,0.0925644189119339,,19099
,,,1e-05,19149
,,,1e-05,19149
5,19149.0,0.08713680505752563,,19149
,,,1e-05,19199
,,,1e-05,19199
5,19199.0,0.08232557773590088,,19199
,,,1e-05,19249
,,,1e-05,19249
5,19249.0,0.09041072428226471,,19249
,,,1e-05,19299
,,,1e-05,19299
5,19299.0,0.09219291806221008,,19299
,,,1e-05,19349
,,,1e-05,19349
5,19349.0,0.08850916475057602,,19349
,,,1e-05,19399
,,,1e-05,19399
5,19399.0,0.08347075432538986,,19399
,,,1e-05,19449
,,,1e-05,19449
5,19449.0,0.07563487440347672,,19449
,,,1e-05,19499
,,,1e-05,19499
5,19499.0,0.08915477991104126,,19499
,,,1e-05,19549
,,,1e-05,19549
5,19549.0,0.09005548059940338,,19549
,,,1e-05,19599
,,,1e-05,19599
5,19599.0,0.08135910332202911,,19599
,,,1e-05,19649
,,,1e-05,19649
5,19649.0,0.08441229909658432,,19649
,,,1e-05,19699
,,,1e-05,19699
5,19699.0,0.08996393531560898,,19699
,,,1e-05,19749
,,,1e-05,19749
5,19749.0,0.08907203376293182,,19749
,,,1e-05,19799
,,,1e-05,19799
5,19799.0,0.0842655599117279,,19799
,,,1e-05,19849
,,,1e-05,19849
5,19849.0,0.08963924646377563,,19849
,,,1e-05,19899
,,,1e-05,19899
5,19899.0,0.09777180850505829,,19899
,,,1e-05,19949
,,,1e-05,19949
5,19949.0,0.08537071943283081,,19949
,,,1e-05,19999
,,,1e-05,19999
5,19999.0,0.07847990095615387,,19999
,,,1e-05,20049
,,,1e-05,20049
5,20049.0,0.08635925501585007,,20049
,,,1e-05,20099
,,,1e-05,20099
5,20099.0,0.08626055717468262,,20099
,,,1e-05,20149
,,,1e-05,20149
5,20149.0,0.08888514339923859,,20149
,,,1e-05,20199
,,,1e-05,20199
5,20199.0,0.07940539717674255,,20199
,,,1e-05,20249
,,,1e-05,20249
5,20249.0,0.08513080328702927,,20249
,,,1e-05,20299
,,,1e-05,20299
5,20299.0,0.08061648905277252,,20299
,,,1e-05,20349
,,,1e-05,20349
5,20349.0,0.09147614240646362,,20349
,,,1e-05,20399
,,,1e-05,20399
5,20399.0,0.08983588218688965,,20399
,,,1e-05,20449
,,,1e-05,20449
5,20449.0,0.07925590872764587,,20449
,,,1e-05,20499
,,,1e-05,20499
5,20499.0,0.08695362508296967,,20499
,,,1e-05,20549
,,,1e-05,20549
5,20549.0,0.08875828981399536,,20549
,,,1e-05,20599
,,,1e-05,20599
5,20599.0,0.0837690681219101,,20599
,,,1e-05,20649
,,,1e-05,20649
5,20649.0,0.08505690097808838,,20649
,,,1e-05,20699
,,,1e-05,20699
5,20699.0,0.08979147672653198,,20699
,,,1e-05,20749
,,,1e-05,20749
5,20749.0,0.08270967751741409,,20749
,,,1e-05,20799
,,,1e-05,20799
5,20799.0,0.0862145647406578,,20799
,,,1e-05,20849
,,,1e-05,20849
5,20849.0,0.08345260471105576,,20849
,,,1e-05,20899
,,,1e-05,20899
5,20899.0,0.08194328844547272,,20899
,,,1e-05,20949
,,,1e-05,20949
5,20949.0,0.08111860603094101,,20949
,,,1e-05,20999
,,,1e-05,20999
5,20999.0,0.0819261446595192,,20999
,,,1e-05,21049
,,,1e-05,21049
5,21049.0,0.09035545587539673,,21049
,,,1e-05,21099
,,,1e-05,21099
5,21099.0,0.08338478207588196,,21099
,,,1e-05,21149
,,,1e-05,21149
5,21149.0,0.07963401079177856,,21149
,,,1e-05,21199
,,,1e-05,21199
5,21199.0,0.08819856494665146,,21199
,,,1e-05,21249
,,,1e-05,21249
5,21249.0,0.08659814298152924,,21249
,,,1e-05,21299
,,,1e-05,21299
5,21299.0,0.0902065560221672,,21299
,,,1e-05,21349
,,,1e-05,21349
5,21349.0,0.09277066588401794,,21349
,,,1e-05,21399
,,,1e-05,21399
5,21399.0,0.08163408935070038,,21399
,,,1e-05,21449
,,,1e-05,21449
5,21449.0,0.08093758672475815,,21449
,,,1e-05,21499
,,,1e-05,21499
5,21499.0,0.09009711444377899,,21499
,,,1e-05,21549
,,,1e-05,21549
5,21549.0,0.08279173821210861,,21549
,,,1e-05,21599
,,,1e-05,21599
5,21599.0,0.08007877320051193,,21599
,,,1e-05,21649
,,,1e-05,21649
5,21649.0,0.0839233249425888,,21649
,,,1e-05,21699
,,,1e-05,21699
5,21699.0,0.08892648667097092,,21699
,,,1e-05,21749
,,,1e-05,21749
5,21749.0,0.09382633864879608,,21749
,,,1e-05,21799
,,,1e-05,21799
5,21799.0,0.09268325567245483,,21799
,,,1e-05,21849
,,,1e-05,21849
5,21849.0,0.08795883506536484,,21849
,,,1e-05,21899
,,,1e-05,21899
5,21899.0,0.08245415985584259,,21899
,,,1e-05,21949
,,,1e-05,21949
5,21949.0,0.09057217836380005,,21949
,,,1e-05,21999
,,,1e-05,21999
5,21999.0,0.08686573803424835,,21999
,,,1e-05,22049
,,,1e-05,22049
5,22049.0,0.09106656163930893,,22049
,,,1e-05,22099
,,,1e-05,22099
5,22099.0,0.09137974679470062,,22099
,,,1e-05,22149
,,,1e-05,22149
5,22149.0,0.07787914574146271,,22149
,,,1e-05,22199
,,,1e-05,22199
5,22199.0,0.08428861945867538,,22199
,,,1e-05,22249
,,,1e-05,22249
5,22249.0,0.09612252563238144,,22249
,,,1e-05,22299
,,,1e-05,22299
5,22299.0,0.08978258073329926,,22299
,,,1e-05,22349
,,,1e-05,22349
5,22349.0,0.07934050261974335,,22349
,,,1e-05,22399
,,,1e-05,22399
5,22399.0,0.08118212223052979,,22399
,,,1e-05,22449
,,,1e-05,22449
5,22449.0,0.09253495931625366,,22449
,,,1e-05,22499
,,,1e-05,22499
5,22499.0,0.07728041708469391,,22499
,,,1e-05,22549
,,,1e-05,22549
5,22549.0,0.08186744153499603,,22549
,,,1e-05,22599
,,,1e-05,22599
5,22599.0,0.07538098096847534,,22599
,,,1e-05,22649
,,,1e-05,22649
5,22649.0,0.09006085246801376,,22649
,,,1e-05,22699
,,,1e-05,22699
5,22699.0,0.08408454060554504,,22699
,,,1e-05,22749
,,,1e-05,22749
5,22749.0,0.0878194198012352,,22749
,,,1e-05,22799
,,,1e-05,22799
6,22799.0,0.08790448307991028,,22799
,,,1e-05,22849
,,,1e-05,22849
6,22849.0,0.08737590163946152,,22849
,,,1e-05,22899
,,,1e-05,22899
6,22899.0,0.08946722745895386,,22899
,,,1e-05,22949
,,,1e-05,22949
6,22949.0,0.08345870673656464,,22949
,,,1e-05,22999
,,,1e-05,22999
6,22999.0,0.08633548021316528,,22999
,,,1e-05,23049
,,,1e-05,23049
6,23049.0,0.08064796775579453,,23049
,,,1e-05,23099
,,,1e-05,23099
6,23099.0,0.08587151020765305,,23099
,,,1e-05,23149
,,,1e-05,23149
6,23149.0,0.08726044744253159,,23149
,,,1e-05,23199
,,,1e-05,23199
6,23199.0,0.08741267770528793,,23199
,,,1e-05,23249
,,,1e-05,23249
6,23249.0,0.07791954278945923,,23249
,,,1e-05,23299
,,,1e-05,23299
6,23299.0,0.08283518999814987,,23299
,,,1e-05,23349
,,,1e-05,23349
6,23349.0,0.08266305923461914,,23349
,,,1e-05,23399
,,,1e-05,23399
6,23399.0,0.089485302567482,,23399
,,,1e-05,23449
,,,1e-05,23449
6,23449.0,0.0929507240653038,,23449
,,,1e-05,23499
,,,1e-05,23499
6,23499.0,0.08403514325618744,,23499
,,,1e-05,23549
,,,1e-05,23549
6,23549.0,0.08628680557012558,,23549
,,,1e-05,23599
,,,1e-05,23599
6,23599.0,0.09020709246397018,,23599
,,,1e-05,23649
,,,1e-05,23649
6,23649.0,0.09247388690710068,,23649
,,,1e-05,23699
,,,1e-05,23699
6,23699.0,0.09735247492790222,,23699
,,,1e-05,23749
,,,1e-05,23749
6,23749.0,0.08163966238498688,,23749
,,,1e-05,23799
,,,1e-05,23799
6,23799.0,0.08419302105903625,,23799
,,,1e-05,23849
,,,1e-05,23849
6,23849.0,0.08379329741001129,,23849
,,,1e-05,23899
,,,1e-05,23899
6,23899.0,0.08864792436361313,,23899
,,,1e-05,23949
,,,1e-05,23949
6,23949.0,0.08061376214027405,,23949
,,,1e-05,23999
,,,1e-05,23999
6,23999.0,0.08459644019603729,,23999
,,,1e-05,24049
,,,1e-05,24049
6,24049.0,0.08751287311315536,,24049
,,,1e-05,24099
,,,1e-05,24099
6,24099.0,0.08560341596603394,,24099
,,,1e-05,24149
,,,1e-05,24149
6,24149.0,0.0748656690120697,,24149
,,,1e-05,24199
,,,1e-05,24199
6,24199.0,0.08398430794477463,,24199
,,,1e-05,24249
,,,1e-05,24249
6,24249.0,0.08487310260534286,,24249
,,,1e-05,24299
,,,1e-05,24299
6,24299.0,0.07249923795461655,,24299
,,,1e-05,24349
,,,1e-05,24349
6,24349.0,0.09886467456817627,,24349
,,,1e-05,24399
,,,1e-05,24399
6,24399.0,0.07499012351036072,,24399
,,,1e-05,24449
,,,1e-05,24449
6,24449.0,0.0928773283958435,,24449
,,,1e-05,24499
,,,1e-05,24499
6,24499.0,0.08752458542585373,,24499
,,,1e-05,24549
,,,1e-05,24549
6,24549.0,0.08333717286586761,,24549
,,,1e-05,24599
,,,1e-05,24599
6,24599.0,0.08733617514371872,,24599
,,,1e-05,24649
,,,1e-05,24649
6,24649.0,0.0832759439945221,,24649
,,,1e-05,24699
,,,1e-05,24699
6,24699.0,0.08988922089338303,,24699
,,,1e-05,24749
,,,1e-05,24749
6,24749.0,0.08876755833625793,,24749
,,,1e-05,24799
,,,1e-05,24799
6,24799.0,0.0831814557313919,,24799
,,,1e-05,24849
,,,1e-05,24849
6,24849.0,0.0804341733455658,,24849
,,,1e-05,24899
,,,1e-05,24899
6,24899.0,0.08776485919952393,,24899
,,,1e-05,24949
,,,1e-05,24949
6,24949.0,0.0920209139585495,,24949
,,,1e-05,24999
,,,1e-05,24999
6,24999.0,0.08927693217992783,,24999
,,,1e-05,25049
,,,1e-05,25049
6,25049.0,0.09148146957159042,,25049
,,,1e-05,25099
,,,1e-05,25099
6,25099.0,0.08791141211986542,,25099
,,,1e-05,25149
,,,1e-05,25149
6,25149.0,0.07978002727031708,,25149
,,,1e-05,25199
,,,1e-05,25199
6,25199.0,0.07761608809232712,,25199
,,,1e-05,25249
,,,1e-05,25249
6,25249.0,0.08535683155059814,,25249
,,,1e-05,25299
,,,1e-05,25299
6,25299.0,0.08673673868179321,,25299
,,,1e-05,25349
,,,1e-05,25349
6,25349.0,0.08104284852743149,,25349
,,,1e-05,25399
,,,1e-05,25399
6,25399.0,0.08364012092351913,,25399
,,,1e-05,25449
,,,1e-05,25449
6,25449.0,0.08857208490371704,,25449
,,,1e-05,25499
,,,1e-05,25499
6,25499.0,0.08304926007986069,,25499
,,,1e-05,25549
,,,1e-05,25549
6,25549.0,0.08344940841197968,,25549
,,,1e-05,25599
,,,1e-05,25599
6,25599.0,0.0958702564239502,,25599
,,,1e-05,25649
,,,1e-05,25649
6,25649.0,0.08788208663463593,,25649
,,,1e-05,25699
,,,1e-05,25699
6,25699.0,0.08166183531284332,,25699
,,,1e-05,25749
,,,1e-05,25749
6,25749.0,0.08140747994184494,,25749
,,,1e-05,25799
,,,1e-05,25799
6,25799.0,0.09030847251415253,,25799
,,,1e-05,25849
,,,1e-05,25849
6,25849.0,0.0865807980298996,,25849
,,,1e-05,25899
,,,1e-05,25899
6,25899.0,0.08417665213346481,,25899
,,,1e-05,25949
,,,1e-05,25949
6,25949.0,0.07796941697597504,,25949
,,,1e-05,25999
,,,1e-05,25999
6,25999.0,0.09077566862106323,,25999
,,,1e-05,26049
,,,1e-05,26049
6,26049.0,0.09008278697729111,,26049
,,,1e-05,26099
,,,1e-05,26099
6,26099.0,0.09425532072782516,,26099
,,,1e-05,26149
,,,1e-05,26149
6,26149.0,0.09869932383298874,,26149
,,,1e-05,26199
,,,1e-05,26199
6,26199.0,0.09269458055496216,,26199
,,,1e-05,26249
,,,1e-05,26249
6,26249.0,0.08529354631900787,,26249
,,,1e-05,26299
,,,1e-05,26299
6,26299.0,0.09448204934597015,,26299
,,,1e-05,26349
,,,1e-05,26349
6,26349.0,0.08884259313344955,,26349
,,,1e-05,26399
,,,1e-05,26399
6,26399.0,0.07997147738933563,,26399
,,,1e-05,26449
,,,1e-05,26449
6,26449.0,0.08489160239696503,,26449
,,,1e-05,26499
,,,1e-05,26499
6,26499.0,0.08657445013523102,,26499
,,,1e-05,26549
,,,1e-05,26549
6,26549.0,0.0867617279291153,,26549
,,,1e-05,26599
,,,1e-05,26599
7,26599.0,0.08469420671463013,,26599
,,,1e-05,26649
,,,1e-05,26649
7,26649.0,0.075840525329113,,26649
,,,1e-05,26699
,,,1e-05,26699
7,26699.0,0.08304351568222046,,26699
,,,1e-05,26749
,,,1e-05,26749
7,26749.0,0.08202724158763885,,26749
,,,1e-05,26799
,,,1e-05,26799
7,26799.0,0.08146100491285324,,26799
,,,1e-05,26849
,,,1e-05,26849
7,26849.0,0.08317160606384277,,26849
,,,1e-05,26899
,,,1e-05,26899
7,26899.0,0.08444513380527496,,26899
,,,1e-05,26949
,,,1e-05,26949
7,26949.0,0.08225341886281967,,26949
,,,1e-05,26999
,,,1e-05,26999
7,26999.0,0.09413676708936691,,26999
,,,1e-05,27049
,,,1e-05,27049
7,27049.0,0.08676421642303467,,27049
,,,1e-05,27099
,,,1e-05,27099
7,27099.0,0.09108000993728638,,27099
,,,1e-05,27149
,,,1e-05,27149
7,27149.0,0.08739995956420898,,27149
,,,1e-05,27199
,,,1e-05,27199
7,27199.0,0.08165530860424042,,27199
,,,1e-05,27249
,,,1e-05,27249
7,27249.0,0.09058374166488647,,27249
,,,1e-05,27299
,,,1e-05,27299
7,27299.0,0.07864713668823242,,27299
,,,1e-05,27349
,,,1e-05,27349
7,27349.0,0.08711040019989014,,27349
,,,1e-05,27399
,,,1e-05,27399
7,27399.0,0.08822640031576157,,27399
,,,1e-05,27449
,,,1e-05,27449
7,27449.0,0.0887410044670105,,27449
,,,1e-05,27499
,,,1e-05,27499
7,27499.0,0.09334474802017212,,27499
,,,1e-05,27549
,,,1e-05,27549
7,27549.0,0.09400125592947006,,27549
,,,1e-05,27599
,,,1e-05,27599
7,27599.0,0.08413483202457428,,27599
,,,1e-05,27649
,,,1e-05,27649
7,27649.0,0.07934857904911041,,27649
,,,1e-05,27699
,,,1e-05,27699
7,27699.0,0.08073277771472931,,27699
,,,1e-05,27749
,,,1e-05,27749
7,27749.0,0.07616493850946426,,27749
,,,1e-05,27799
,,,1e-05,27799
7,27799.0,0.07889057695865631,,27799
,,,1e-05,27849
,,,1e-05,27849
7,27849.0,0.0838717445731163,,27849
,,,1e-05,27899
,,,1e-05,27899
7,27899.0,0.08103925734758377,,27899
,,,1e-05,27949
,,,1e-05,27949
7,27949.0,0.0768560841679573,,27949
,,,1e-05,27999
,,,1e-05,27999
7,27999.0,0.08738484978675842,,27999
,,,1e-05,28049
,,,1e-05,28049
7,28049.0,0.08718526363372803,,28049
,,,1e-05,28099
,,,1e-05,28099
7,28099.0,0.08655192703008652,,28099
,,,1e-05,28149
,,,1e-05,28149
7,28149.0,0.08686885237693787,,28149
,,,1e-05,28199
,,,1e-05,28199
7,28199.0,0.08151480555534363,,28199
,,,1e-05,28249
,,,1e-05,28249
7,28249.0,0.07524904608726501,,28249
,,,1e-05,28299
,,,1e-05,28299
7,28299.0,0.09145498275756836,,28299
,,,1e-05,28349
,,,1e-05,28349
7,28349.0,0.08489882946014404,,28349
,,,1e-05,28399
,,,1e-05,28399
7,28399.0,0.09791439026594162,,28399
,,,1e-05,28449
,,,1e-05,28449
7,28449.0,0.08582025021314621,,28449
,,,1e-05,28499
,,,1e-05,28499
7,28499.0,0.09472294896841049,,28499
,,,1e-05,28549
,,,1e-05,28549
7,28549.0,0.09311793744564056,,28549
,,,1e-05,28599
,,,1e-05,28599
7,28599.0,0.08867065608501434,,28599
,,,1e-05,28649
,,,1e-05,28649
7,28649.0,0.08007633686065674,,28649
,,,1e-05,28699
,,,1e-05,28699
7,28699.0,0.09216190874576569,,28699
,,,1e-05,28749
,,,1e-05,28749
7,28749.0,0.08756645768880844,,28749
,,,1e-05,28799
,,,1e-05,28799
7,28799.0,0.09066134691238403,,28799
,,,1e-05,28849
,,,1e-05,28849
7,28849.0,0.08891557157039642,,28849
,,,1e-05,28899
,,,1e-05,28899
7,28899.0,0.07972465455532074,,28899
,,,1e-05,28949
,,,1e-05,28949
7,28949.0,0.0927930474281311,,28949
,,,1e-05,28999
,,,1e-05,28999
7,28999.0,0.08712917566299438,,28999
