epoch,global_step,loss,lr-AdamW,lr_abs,step
,,,4.9009951e-09,,49
0,49.0,0.2470703125,,4.900995165257882e-09,49
,,,9.900990099999999e-09,,99
0,99.0,0.2353515625,,9.900990249889219e-09,99
,,,1.4900985099999997e-08,,149
0,149.0,0.2578125,,1.4900985334520556e-08,149
,,,1.99009801e-08,,199
0,199.0,0.2578125,,1.9900980419151892e-08,199
,,,2.49009751e-08,,249
0,249.0,0.255859375,,2.490097550378323e-08,249
,,,2.9900970099999996e-08,,299
1,299.0,0.2578125,,2.9900970588414566e-08,299
,,,3.4900965099999996e-08,,349
1,349.0,0.255859375,,3.4900963896689063e-08,349
,,,3.9900960099999997e-08,,399
1,399.0,0.259765625,,3.990096075767724e-08,399
,,,4.49009551e-08,,449
1,449.0,0.251953125,,4.490095406595174e-08,449
,,,4.99009501e-08,,499
1,499.0,0.25,,4.990095092693991e-08,499
,,,5.49009451e-08,,549
2,549.0,0.259765625,,5.490094423521441e-08,549
,,,5.99009401e-08,,599
2,599.0,0.2451171875,,5.990094109620259e-08,599
,,,6.49009351e-08,,649
2,649.0,0.2734375,,6.490093795719076e-08,649
,,,6.990093009999999e-08,,699
2,699.0,0.263671875,,6.990092771275158e-08,699
,,,7.49009251e-08,,749
2,749.0,0.259765625,,7.490092457373976e-08,749
,,,7.990092009999999e-08,,799
2,799.0,0.26171875,,7.990092143472793e-08,799
,,,8.490091509999999e-08,,849
3,849.0,0.259765625,,8.490091829571611e-08,849
,,,8.990091009999999e-08,,899
3,899.0,0.251953125,,8.990090805127693e-08,899
,,,9.490090509999999e-08,,949
3,949.0,0.244140625,,9.49009049122651e-08,949
,,,9.990090009999999e-08,,999
3,999.0,0.251953125,,9.990090177325328e-08,999
,,,1.0490089509999999e-07,,1049
3,1049.0,0.2734375,,1.0490089863424146e-07,1049
,,,1.0990089009999999e-07,,1099
4,1099.0,0.26171875,,1.0990088838980228e-07,1099
,,,1.1490088509999999e-07,,1149
4,1149.0,0.25,,1.1490088525079045e-07,1149
,,,1.199008801e-07,,1199
4,1199.0,0.259765625,,1.1990087500635127e-07,1199
,,,1.249008751e-07,,1249
4,1249.0,0.2470703125,,1.249008789727668e-07,1249
,,,1.299008701e-07,,1299
4,1299.0,0.255859375,,1.2990086872832762e-07,1299
,,,1.3490086509999998e-07,,1349
4,1349.0,0.2470703125,,1.3490085848388844e-07,1349
,,,1.399008601e-07,,1399
5,1399.0,0.2421875,,1.3990086245030398e-07,1399
,,,1.449008551e-07,,1449
5,1449.0,0.2431640625,,1.449008522058648e-07,1449
,,,1.499008501e-07,,1499
5,1499.0,0.251953125,,1.4990085617228033e-07,1499
,,,1.5490084509999998e-07,,1549
5,1549.0,0.255859375,,1.5490084592784115e-07,1549
,,,1.599008401e-07,,1599
5,1599.0,0.2470703125,,1.5990083568340197e-07,1599
,,,1.649008351e-07,,1649
6,1649.0,0.25,,1.649008396498175e-07,1649
,,,1.699008301e-07,,1699
6,1699.0,0.2470703125,,1.6990082940537832e-07,1699
,,,1.7490082509999998e-07,,1749
6,1749.0,0.275390625,,1.7490081916093914e-07,1749
,,,1.799008201e-07,,1799
6,1799.0,0.23828125,,1.7990082312735467e-07,1799
,,,1.849008151e-07,,1849
6,1849.0,0.271484375,,1.849008128829155e-07,1849
,,,1.8990081009999997e-07,,1899
6,1899.0,0.2421875,,1.8990081684933102e-07,1899
,,,1.9490080509999998e-07,,1949
7,1949.0,0.251953125,,1.9490080660489184e-07,1949
,,,1.999008001e-07,,1999
7,1999.0,0.259765625,,1.9990079636045266e-07,1999
,,,2.049007951e-07,,2049
7,2049.0,0.2421875,,2.049008003268682e-07,2049
,,,2.0990079009999997e-07,,2099
7,2099.0,0.232421875,,2.09900790082429e-07,2099
,,,2.1490078509999998e-07,,2149
7,2149.0,0.24609375,,2.1490077983798983e-07,2149
,,,2.199007801e-07,,2199
8,2199.0,0.26171875,,2.1990078380440536e-07,2199
,,,2.2490077509999998e-07,,2249
8,2249.0,0.240234375,,2.2490077355996618e-07,2249
,,,2.2990077009999997e-07,,2299
8,2299.0,0.255859375,,2.29900763315527e-07,2299
,,,2.3490076509999998e-07,,2349
8,2349.0,0.25,,2.3490076728194254e-07,2349
,,,2.399007601e-07,,2399
8,2399.0,0.26171875,,2.3990077124835807e-07,2399
,,,2.449007551e-07,,2449
9,2449.0,0.2578125,,2.4490074679306417e-07,2449
,,,2.4990075009999997e-07,,2499
9,2499.0,0.263671875,,2.499007507594797e-07,2499
,,,2.5490074509999996e-07,,2549
9,2549.0,0.240234375,,2.5490075472589524e-07,2549
,,,2.5990074009999994e-07,,2599
9,2599.0,0.244140625,,2.5990073027060134e-07,2599
,,,2.6490073509999993e-07,,2649
9,2649.0,0.2578125,,2.649007342370169e-07,2649
,,,2.6990073009999997e-07,,2699
9,2699.0,0.2353515625,,2.699007382034324e-07,2699
,,,2.7490072509999996e-07,,2749
10,2749.0,0.25390625,,2.749007137481385e-07,2749
,,,2.7990072009999994e-07,,2799
10,2799.0,0.265625,,2.7990071771455405e-07,2799
,,,2.849007151e-07,,2849
10,2849.0,0.26171875,,2.849007216809696e-07,2849
,,,2.8990071009999997e-07,,2899
10,2899.0,0.255859375,,2.899006972256757e-07,2899
,,,2.9490070509999996e-07,,2949
10,2949.0,0.25390625,,2.949007011920912e-07,2949
,,,2.9990070009999995e-07,,2999
11,2999.0,0.2412109375,,2.9990070515850675e-07,2999
,,,3.0490069509999993e-07,,3049
11,3049.0,0.265625,,3.049007091249223e-07,3049
,,,3.0990069009999997e-07,,3099
11,3099.0,0.2490234375,,3.099006846696284e-07,3099
,,,3.1490068509999996e-07,,3149
11,3149.0,0.2451171875,,3.149006886360439e-07,3149
,,,3.1990068009999995e-07,,3199
11,3199.0,0.2451171875,,3.1990069260245946e-07,3199
,,,3.249006751e-07,,3249
11,3249.0,0.2451171875,,3.2490066814716556e-07,3249
,,,3.299006700999999e-07,,3299
12,3299.0,0.2412109375,,3.299006721135811e-07,3299
,,,3.349006650999999e-07,,3349
12,3349.0,0.25,,3.3490067607999663e-07,3349
,,,3.3990066009999995e-07,,3399
12,3399.0,0.255859375,,3.3990065162470273e-07,3399
,,,3.4490065509999993e-07,,3449
12,3449.0,0.2578125,,3.4490065559111827e-07,3449
,,,3.499006501e-07,,3499
12,3499.0,0.2275390625,,3.499006595575338e-07,3499
,,,3.5490064509999996e-07,,3549
13,3549.0,0.2431640625,,3.549006351022399e-07,3549
,,,3.5990064009999995e-07,,3599
13,3599.0,0.2490234375,,3.5990063906865544e-07,3599
,,,3.649006351e-07,,3649
13,3649.0,0.26171875,,3.6490064303507097e-07,3649
,,,3.699006300999999e-07,,3699
13,3699.0,0.251953125,,3.699006185797771e-07,3699
,,,3.749006250999999e-07,,3749
13,3749.0,0.2578125,,3.749006225461926e-07,3749
,,,3.7990062009999995e-07,,3799
13,3799.0,0.2490234375,,3.7990062651260814e-07,3799
,,,3.8490061509999994e-07,,3849
14,3849.0,0.2578125,,3.8490060205731425e-07,3849
,,,3.899006101e-07,,3899
14,3899.0,0.25,,3.899006060237298e-07,3899
,,,3.9490060509999996e-07,,3949
14,3949.0,0.244140625,,3.949006099901453e-07,3949
,,,3.9990060009999995e-07,,3999
14,3999.0,0.2470703125,,3.9990061395656085e-07,3999
,,,4.049005951e-07,,4049
14,4049.0,0.2392578125,,4.0490058950126695e-07,4049
,,,4.099005900999999e-07,,4099
15,4099.0,0.25,,4.099005934676825e-07,4099
,,,4.149005850999999e-07,,4149
15,4149.0,0.2490234375,,4.14900597434098e-07,4149
,,,4.1990058009999995e-07,,4199
15,4199.0,0.23828125,,4.199005729788041e-07,4199
,,,4.2490057509999994e-07,,4249
15,4249.0,0.25,,4.2490057694521965e-07,4249
,,,4.299005701e-07,,4299
15,4299.0,0.236328125,,4.299005809116352e-07,4299
,,,4.3490056509999996e-07,,4349
15,4349.0,0.25,,4.349005564563413e-07,4349
,,,4.3990056009999995e-07,,4399
16,4399.0,0.259765625,,4.399005604227568e-07,4399
,,,4.4490055509999994e-07,,4449
16,4449.0,0.2490234375,,4.4490056438917236e-07,4449
,,,4.499005500999999e-07,,4499
16,4499.0,0.255859375,,4.4990053993387846e-07,4499
,,,4.549005450999999e-07,,4549
16,4549.0,0.2490234375,,4.54900543900294e-07,4549
,,,4.5990054009999995e-07,,4599
16,4599.0,0.236328125,,4.5990054786670953e-07,4599
,,,4.6490053509999994e-07,,4649
17,4649.0,0.2412109375,,4.6490052341141563e-07,4649
,,,4.699005300999999e-07,,4699
17,4699.0,0.236328125,,4.6990052737783117e-07,4699
,,,4.7490052509999996e-07,,4749
17,4749.0,0.240234375,,4.749005313442467e-07,4749
,,,4.799005200999999e-07,,4799
17,4799.0,0.2490234375,,4.799005068889528e-07,4799
,,,4.849005150999999e-07,,4849
17,4849.0,0.2451171875,,4.849005108553683e-07,4849
,,,4.899005101e-07,,4899
18,4899.0,0.2353515625,,4.899005148217839e-07,4899
,,,4.949005050999999e-07,,4949
18,4949.0,0.25,,4.949005187881994e-07,4949
,,,4.999005001e-07,,4999
18,4999.0,0.24609375,,4.999005227546149e-07,4999
,,,5.049004951e-07,,5049
18,5049.0,0.24609375,,5.049004698776116e-07,5049
,,,5.099004901e-07,,5099
18,5099.0,0.2392578125,,5.099004738440271e-07,5099
,,,5.149004851e-07,,5149
18,5149.0,0.234375,,5.149004778104427e-07,5149
,,,5.199004801e-07,,5199
19,5199.0,0.25390625,,5.199004817768582e-07,5199
,,,5.249004751e-07,,5249
19,5249.0,0.236328125,,5.249004857432737e-07,5249
,,,5.299004701e-07,,5299
19,5299.0,0.259765625,,5.299004897096893e-07,5299
,,,5.349004651e-07,,5349
19,5349.0,0.2451171875,,5.34900436832686e-07,5349
,,,5.399004601000001e-07,,5399
19,5399.0,0.25,,5.399004407991015e-07,5399
,,,5.449004551e-07,,5449
20,5449.0,0.2392578125,,5.44900444765517e-07,5449
,,,5.499004500999999e-07,,5499
20,5499.0,0.25,,5.499004487319326e-07,5499
,,,5.549004451e-07,,5549
20,5549.0,0.2373046875,,5.549004526983481e-07,5549
,,,5.599004401e-07,,5599
20,5599.0,0.2412109375,,5.599004566647636e-07,5599
,,,5.649004350999999e-07,,5649
20,5649.0,0.232421875,,5.649004606311792e-07,5649
,,,5.699004301e-07,,5699
20,5699.0,0.2412109375,,5.699004077541758e-07,5699
,,,5.749004251e-07,,5749
21,5749.0,0.240234375,,5.749004117205914e-07,5749
,,,5.799004201e-07,,5799
21,5799.0,0.2451171875,,5.799004156870069e-07,5799
,,,5.849004151e-07,,5849
21,5849.0,0.2412109375,,5.849004196534224e-07,5849
,,,5.899004101e-07,,5899
21,5899.0,0.23828125,,5.89900423619838e-07,5899
,,,5.949004051e-07,,5949
21,5949.0,0.251953125,,5.949004275862535e-07,5949
,,,5.999004001e-07,,5999
22,5999.0,0.234375,,5.999003747092502e-07,5999
,,,6.049003951e-07,,6049
22,6049.0,0.2412109375,,6.049003786756657e-07,6049
,,,6.099003901e-07,,6099
22,6099.0,0.2421875,,6.099003826420812e-07,6099
,,,6.149003851e-07,,6149
22,6149.0,0.21875,,6.149003866084968e-07,6149
,,,6.199003801e-07,,6199
22,6199.0,0.2490234375,,6.199003905749123e-07,6199
,,,6.249003750999999e-07,,6249
22,6249.0,0.248046875,,6.249003945413278e-07,6249
,,,6.299003700999999e-07,,6299
23,6299.0,0.244140625,,6.299003985077434e-07,6299
,,,6.349003651e-07,,6349
23,6349.0,0.236328125,,6.3490034563074e-07,6349
,,,6.399003601e-07,,6399
23,6399.0,0.251953125,,6.399003495971556e-07,6399
,,,6.449003550999999e-07,,6449
23,6449.0,0.2412109375,,6.449003535635711e-07,6449
,,,6.499003501e-07,,6499
23,6499.0,0.2412109375,,6.499003575299866e-07,6499
,,,6.549003451e-07,,6549
24,6549.0,0.232421875,,6.549003614964022e-07,6549
,,,6.599003401e-07,,6599
24,6599.0,0.232421875,,6.599003654628177e-07,6599
,,,6.649003351e-07,,6649
24,6649.0,0.25,,6.649003125858144e-07,6649
,,,6.699003301e-07,,6699
24,6699.0,0.2578125,,6.699003165522299e-07,6699
,,,6.749003251e-07,,6749
24,6749.0,0.2392578125,,6.749003205186455e-07,6749
,,,6.799003201e-07,,6799
24,6799.0,0.2451171875,,6.79900324485061e-07,6799
,,,6.849003151e-07,,6849
25,6849.0,0.2451171875,,6.849003284514765e-07,6849
,,,6.899003101e-07,,6899
25,6899.0,0.25,,6.899003324178921e-07,6899
,,,6.949003051e-07,,6949
25,6949.0,0.2451171875,,6.949002795408887e-07,6949
,,,6.999003001e-07,,6999
25,6999.0,0.2392578125,,6.999002835073043e-07,6999
,,,7.049002950999999e-07,,7049
25,7049.0,0.2294921875,,7.049002874737198e-07,7049
,,,7.099002900999999e-07,,7099
26,7099.0,0.25,,7.099002914401353e-07,7099
,,,7.149002851e-07,,7149
26,7149.0,0.244140625,,7.149002954065509e-07,7149
,,,7.199002801e-07,,7199
26,7199.0,0.248046875,,7.199002993729664e-07,7199
,,,7.249002750999999e-07,,7249
26,7249.0,0.228515625,,7.249003033393819e-07,7249
,,,7.299002701e-07,,7299
26,7299.0,0.234375,,7.299002504623786e-07,7299
,,,7.349002651e-07,,7349
27,7349.0,0.244140625,,7.349002544287941e-07,7349
,,,7.399002601e-07,,7399
27,7399.0,0.248046875,,7.399002583952097e-07,7399
,,,7.449002551e-07,,7449
27,7449.0,0.2353515625,,7.449002623616252e-07,7449
,,,7.499002501e-07,,7499
27,7499.0,0.234375,,7.499002663280407e-07,7499
,,,7.549002451e-07,,7549
27,7549.0,0.2392578125,,7.549002702944563e-07,7549
,,,7.599002401e-07,,7599
27,7599.0,0.248046875,,7.59900217417453e-07,7599
,,,7.649002351000001e-07,,7649
28,7649.0,0.2255859375,,7.649002213838685e-07,7649
,,,7.699002301e-07,,7699
28,7699.0,0.224609375,,7.69900225350284e-07,7699
,,,7.749002250999999e-07,,7749
28,7749.0,0.234375,,7.749002293166996e-07,7749
,,,7.799002201e-07,,7799
28,7799.0,0.2421875,,7.799002332831151e-07,7799
,,,7.849002150999999e-07,,7849
28,7849.0,0.2421875,,7.849002372495306e-07,7849
,,,7.899002100999999e-07,,7899
29,7899.0,0.23828125,,7.899001843725273e-07,7899
,,,7.949002051e-07,,7949
29,7949.0,0.2412109375,,7.949001883389428e-07,7949
,,,7.999002000999999e-07,,7999
29,7999.0,0.23828125,,7.999001923053584e-07,7999
,,,8.049001951e-07,,8049
29,8049.0,0.2451171875,,8.049001962717739e-07,8049
,,,8.099001901e-07,,8099
29,8099.0,0.2470703125,,8.099002002381894e-07,8099
,,,8.149001851e-07,,8149
29,8149.0,0.236328125,,8.14900204204605e-07,8149
,,,8.199001801e-07,,8199
30,8199.0,0.2392578125,,8.199002081710205e-07,8199
,,,8.249001751e-07,,8249
30,8249.0,0.2333984375,,8.249001552940172e-07,8249
,,,8.299001701e-07,,8299
30,8299.0,0.2490234375,,8.299001592604327e-07,8299
,,,8.349001651e-07,,8349
30,8349.0,0.2451171875,,8.349001632268482e-07,8349
,,,8.399001601e-07,,8399
30,8399.0,0.240234375,,8.399001671932638e-07,8399
,,,8.449001551000001e-07,,8449
31,8449.0,0.2236328125,,8.449001711596793e-07,8449
,,,8.499001500999999e-07,,8499
31,8499.0,0.2392578125,,8.499001751260948e-07,8499
,,,8.549001450999999e-07,,8549
31,8549.0,0.236328125,,8.549001222490915e-07,8549
,,,8.599001401e-07,,8599
31,8599.0,0.23828125,,8.59900126215507e-07,8599
,,,8.649001350999999e-07,,8649
31,8649.0,0.23828125,,8.649001301819226e-07,8649
,,,8.699001300999999e-07,,8699
31,8699.0,0.2421875,,8.699001341483381e-07,8699
,,,8.749001251e-07,,8749
32,8749.0,0.2255859375,,8.749001381147536e-07,8749
,,,8.799001200999999e-07,,8799
32,8799.0,0.234375,,8.799001420811692e-07,8799
,,,8.849001151e-07,,8849
32,8849.0,0.2392578125,,8.849000892041659e-07,8849
,,,8.899001101e-07,,8899
32,8899.0,0.2294921875,,8.899000931705814e-07,8899
,,,8.949001050999999e-07,,8949
32,8949.0,0.232421875,,8.949000971369969e-07,8949
,,,8.999001001e-07,,8999
33,8999.0,0.240234375,,8.999001011034125e-07,8999
,,,9.049000951e-07,,9049
33,9049.0,0.2470703125,,9.04900105069828e-07,9049
,,,9.099000901e-07,,9099
33,9099.0,0.2392578125,,9.099001090362435e-07,9099
,,,9.149000851e-07,,9149
33,9149.0,0.228515625,,9.149001130026591e-07,9149
,,,9.199000801e-07,,9199
33,9199.0,0.232421875,,9.199000601256557e-07,9199
,,,9.249000751000001e-07,,9249
34,9249.0,0.234375,,9.249000640920713e-07,9249
,,,9.299000700999999e-07,,9299
34,9299.0,0.2294921875,,9.299000680584868e-07,9299
,,,9.349000650999999e-07,,9349
34,9349.0,0.234375,,9.349000720249023e-07,9349
,,,9.399000601e-07,,9399
34,9399.0,0.2236328125,,9.399000759913179e-07,9399
,,,9.449000550999999e-07,,9449
34,9449.0,0.23828125,,9.449000799577334e-07,9449
,,,9.499000500999999e-07,,9499
34,9499.0,0.2451171875,,9.499000270807301e-07,9499
,,,9.549000451e-07,,9549
35,9549.0,0.234375,,9.549000878905645e-07,9549
,,,9.599000401e-07,,9599
35,9599.0,0.232421875,,9.599000350135611e-07,9599
,,,9.649000351e-07,,9649
35,9649.0,0.2333984375,,9.648999821365578e-07,9649
,,,9.699000301e-07,,9699
35,9699.0,0.2265625,,9.699000429463922e-07,9699
,,,9.749000250999998e-07,,9749
35,9749.0,0.2314453125,,9.748999900693889e-07,9749
,,,9.799000200999999e-07,,9799
36,9799.0,0.2314453125,,9.799000508792233e-07,9799
,,,9.849000151e-07,,9849
36,9849.0,0.2333984375,,9.8489999800222e-07,9849
,,,9.899000101e-07,,9899
36,9899.0,0.248046875,,9.899000588120543e-07,9899
,,,9.949000051e-07,,9949
36,9949.0,0.2314453125,,9.94900005935051e-07,9949
,,,9.999000001e-07,,9999
36,9999.0,0.2333984375,,9.998999530580477e-07,9999
,,,1e-06,,10049
36,10049.0,0.2421875,,9.999999974752427e-07,10049
,,,1e-06,,10099
37,10099.0,0.23828125,,9.999999974752427e-07,10099
,,,1e-06,,10149
37,10149.0,0.2255859375,,9.999999974752427e-07,10149
,,,1e-06,,10199
37,10199.0,0.236328125,,9.999999974752427e-07,10199
,,,1e-06,,10249
37,10249.0,0.2294921875,,9.999999974752427e-07,10249
,,,1e-06,,10299
37,10299.0,0.2373046875,,9.999999974752427e-07,10299
,,,1e-06,,10349
38,10349.0,0.232421875,,9.999999974752427e-07,10349
,,,1e-06,,10399
38,10399.0,0.2421875,,9.999999974752427e-07,10399
,,,1e-06,,10449
38,10449.0,0.228515625,,9.999999974752427e-07,10449
,,,1e-06,,10499
38,10499.0,0.2265625,,9.999999974752427e-07,10499
,,,1e-06,,10549
38,10549.0,0.2333984375,,9.999999974752427e-07,10549
,,,1e-06,,10599
38,10599.0,0.2421875,,9.999999974752427e-07,10599
,,,1e-06,,10649
39,10649.0,0.236328125,,9.999999974752427e-07,10649
,,,1e-06,,10699
39,10699.0,0.2490234375,,9.999999974752427e-07,10699
,,,1e-06,,10749
39,10749.0,0.248046875,,9.999999974752427e-07,10749
,,,1e-06,,10799
39,10799.0,0.232421875,,9.999999974752427e-07,10799
,,,1e-06,,10849
39,10849.0,0.2333984375,,9.999999974752427e-07,10849
,,,1e-06,,10899
40,10899.0,0.2470703125,,9.999999974752427e-07,10899
,,,1e-06,,10949
40,10949.0,0.2451171875,,9.999999974752427e-07,10949
,,,1e-06,,10999
40,10999.0,0.2333984375,,9.999999974752427e-07,10999
,,,1e-06,,11049
40,11049.0,0.251953125,,9.999999974752427e-07,11049
,,,1e-06,,11099
40,11099.0,0.25,,9.999999974752427e-07,11099
,,,1e-06,,11149
40,11149.0,0.23046875,,9.999999974752427e-07,11149
,,,1e-06,,11199
41,11199.0,0.2392578125,,9.999999974752427e-07,11199
,,,1e-06,,11249
41,11249.0,0.2314453125,,9.999999974752427e-07,11249
,,,1e-06,,11299
41,11299.0,0.24609375,,9.999999974752427e-07,11299
,,,1e-06,,11349
41,11349.0,0.2294921875,,9.999999974752427e-07,11349
,,,1e-06,,11399
41,11399.0,0.236328125,,9.999999974752427e-07,11399
,,,1e-06,,11449
42,11449.0,0.2353515625,,9.999999974752427e-07,11449
,,,1e-06,,11499
42,11499.0,0.2314453125,,9.999999974752427e-07,11499
,,,1e-06,,11549
42,11549.0,0.2490234375,,9.999999974752427e-07,11549
,,,1e-06,,11599
42,11599.0,0.2333984375,,9.999999974752427e-07,11599
,,,1e-06,,11649
42,11649.0,0.2412109375,,9.999999974752427e-07,11649
,,,1e-06,,11699
43,11699.0,0.2421875,,9.999999974752427e-07,11699
,,,1e-06,,11749
43,11749.0,0.2353515625,,9.999999974752427e-07,11749
,,,1e-06,,11799
43,11799.0,0.240234375,,9.999999974752427e-07,11799
,,,1e-06,,11849
43,11849.0,0.23828125,,9.999999974752427e-07,11849
,,,1e-06,,11899
43,11899.0,0.25,,9.999999974752427e-07,11899
,,,1e-06,,11949
43,11949.0,0.2412109375,,9.999999974752427e-07,11949
,,,1e-06,,11999
44,11999.0,0.2353515625,,9.999999974752427e-07,11999
,,,1e-06,,12049
44,12049.0,0.2412109375,,9.999999974752427e-07,12049
,,,1e-06,,12099
44,12099.0,0.2470703125,,9.999999974752427e-07,12099
,,,1e-06,,12149
44,12149.0,0.2373046875,,9.999999974752427e-07,12149
,,,1e-06,,12199
44,12199.0,0.2294921875,,9.999999974752427e-07,12199
,,,1e-06,,12249
45,12249.0,0.22265625,,9.999999974752427e-07,12249
,,,1e-06,,12299
45,12299.0,0.2373046875,,9.999999974752427e-07,12299
,,,1e-06,,12349
45,12349.0,0.236328125,,9.999999974752427e-07,12349
,,,1e-06,,12399
45,12399.0,0.236328125,,9.999999974752427e-07,12399
,,,1e-06,,12449
45,12449.0,0.236328125,,9.999999974752427e-07,12449
,,,1e-06,,12499
45,12499.0,0.2314453125,,9.999999974752427e-07,12499
,,,1e-06,,12549
46,12549.0,0.228515625,,9.999999974752427e-07,12549
,,,1e-06,,12599
46,12599.0,0.240234375,,9.999999974752427e-07,12599
,,,1e-06,,12649
46,12649.0,0.240234375,,9.999999974752427e-07,12649
,,,1e-06,,12699
46,12699.0,0.2236328125,,9.999999974752427e-07,12699
,,,1e-06,,12749
46,12749.0,0.24609375,,9.999999974752427e-07,12749
,,,1e-06,,12799
47,12799.0,0.244140625,,9.999999974752427e-07,12799
,,,1e-06,,12849
47,12849.0,0.2412109375,,9.999999974752427e-07,12849
,,,1e-06,,12899
47,12899.0,0.2275390625,,9.999999974752427e-07,12899
,,,1e-06,,12949
47,12949.0,0.25,,9.999999974752427e-07,12949
,,,1e-06,,12999
47,12999.0,0.2373046875,,9.999999974752427e-07,12999
,,,1e-06,,13049
47,13049.0,0.23828125,,9.999999974752427e-07,13049
,,,1e-06,,13099
48,13099.0,0.234375,,9.999999974752427e-07,13099
,,,1e-06,,13149
48,13149.0,0.2353515625,,9.999999974752427e-07,13149
,,,1e-06,,13199
48,13199.0,0.240234375,,9.999999974752427e-07,13199
,,,1e-06,,13249
48,13249.0,0.2421875,,9.999999974752427e-07,13249
,,,1e-06,,13299
48,13299.0,0.2412109375,,9.999999974752427e-07,13299
,,,1e-06,,13349
49,13349.0,0.240234375,,9.999999974752427e-07,13349
,,,1e-06,,13399
49,13399.0,0.2451171875,,9.999999974752427e-07,13399
,,,1e-06,,13449
49,13449.0,0.24609375,,9.999999974752427e-07,13449
,,,1e-06,,13499
49,13499.0,0.228515625,,9.999999974752427e-07,13499
,,,1e-06,,13549
49,13549.0,0.23046875,,9.999999974752427e-07,13549
,,,1e-06,,13599
49,13599.0,0.240234375,,9.999999974752427e-07,13599
,,,1e-06,,13649
50,13649.0,0.2265625,,9.999999974752427e-07,13649
,,,1e-06,,13699
50,13699.0,0.25390625,,9.999999974752427e-07,13699
,,,1e-06,,13749
50,13749.0,0.2275390625,,9.999999974752427e-07,13749
,,,1e-06,,13799
50,13799.0,0.2294921875,,9.999999974752427e-07,13799
,,,1e-06,,13849
50,13849.0,0.240234375,,9.999999974752427e-07,13849
,,,1e-06,,13899
51,13899.0,0.236328125,,9.999999974752427e-07,13899
,,,1e-06,,13949
51,13949.0,0.2373046875,,9.999999974752427e-07,13949
,,,1e-06,,13999
51,13999.0,0.244140625,,9.999999974752427e-07,13999
,,,1e-06,,14049
51,14049.0,0.2275390625,,9.999999974752427e-07,14049
,,,1e-06,,14099
51,14099.0,0.236328125,,9.999999974752427e-07,14099
,,,1e-06,,14149
52,14149.0,0.2490234375,,9.999999974752427e-07,14149
,,,1e-06,,14199
52,14199.0,0.23828125,,9.999999974752427e-07,14199
,,,1e-06,,14249
52,14249.0,0.240234375,,9.999999974752427e-07,14249
,,,1e-06,,14299
52,14299.0,0.232421875,,9.999999974752427e-07,14299
,,,1e-06,,14349
52,14349.0,0.220703125,,9.999999974752427e-07,14349
,,,1e-06,,14399
52,14399.0,0.2314453125,,9.999999974752427e-07,14399
,,,1e-06,,14449
53,14449.0,0.244140625,,9.999999974752427e-07,14449
,,,1e-06,,14499
53,14499.0,0.2392578125,,9.999999974752427e-07,14499
,,,1e-06,,14549
53,14549.0,0.2353515625,,9.999999974752427e-07,14549
,,,1e-06,,14599
53,14599.0,0.244140625,,9.999999974752427e-07,14599
,,,1e-06,,14649
53,14649.0,0.2412109375,,9.999999974752427e-07,14649
,,,1e-06,,14699
54,14699.0,0.24609375,,9.999999974752427e-07,14699
,,,1e-06,,14749
54,14749.0,0.2451171875,,9.999999974752427e-07,14749
,,,1e-06,,14799
54,14799.0,0.234375,,9.999999974752427e-07,14799
,,,1e-06,,14849
54,14849.0,0.23046875,,9.999999974752427e-07,14849
,,,1e-06,,14899
54,14899.0,0.2490234375,,9.999999974752427e-07,14899
,,,1e-06,,14949
54,14949.0,0.2314453125,,9.999999974752427e-07,14949
,,,1e-06,,14999
55,14999.0,0.2353515625,,9.999999974752427e-07,14999
,,,1e-06,,15049
55,15049.0,0.2353515625,,9.999999974752427e-07,15049
,,,1e-06,,15099
55,15099.0,0.232421875,,9.999999974752427e-07,15099
,,,1e-06,,15149
55,15149.0,0.25390625,,9.999999974752427e-07,15149
,,,1e-06,,15199
55,15199.0,0.228515625,,9.999999974752427e-07,15199
,,,1e-06,,15249
56,15249.0,0.2236328125,,9.999999974752427e-07,15249
,,,1e-06,,15299
56,15299.0,0.2373046875,,9.999999974752427e-07,15299
,,,1e-06,,15349
56,15349.0,0.23046875,,9.999999974752427e-07,15349
,,,1e-06,,15399
56,15399.0,0.244140625,,9.999999974752427e-07,15399
,,,1e-06,,15449
56,15449.0,0.2255859375,,9.999999974752427e-07,15449
,,,1e-06,,15499
56,15499.0,0.2353515625,,9.999999974752427e-07,15499
,,,1e-06,,15549
57,15549.0,0.2431640625,,9.999999974752427e-07,15549
,,,1e-06,,15599
57,15599.0,0.2373046875,,9.999999974752427e-07,15599
,,,1e-06,,15649
57,15649.0,0.2353515625,,9.999999974752427e-07,15649
,,,1e-06,,15699
57,15699.0,0.240234375,,9.999999974752427e-07,15699
,,,1e-06,,15749
57,15749.0,0.236328125,,9.999999974752427e-07,15749
,,,1e-06,,15799
58,15799.0,0.2431640625,,9.999999974752427e-07,15799
,,,1e-06,,15849
58,15849.0,0.228515625,,9.999999974752427e-07,15849
,,,1e-06,,15899
58,15899.0,0.2470703125,,9.999999974752427e-07,15899
,,,1e-06,,15949
58,15949.0,0.251953125,,9.999999974752427e-07,15949
,,,1e-06,,15999
58,15999.0,0.2333984375,,9.999999974752427e-07,15999
,,,1e-06,,16049
59,16049.0,0.2421875,,9.999999974752427e-07,16049
,,,1e-06,,16099
59,16099.0,0.23046875,,9.999999974752427e-07,16099
,,,1e-06,,16149
59,16149.0,0.2294921875,,9.999999974752427e-07,16149
,,,1e-06,,16199
59,16199.0,0.232421875,,9.999999974752427e-07,16199
,,,1e-06,,16249
59,16249.0,0.2412109375,,9.999999974752427e-07,16249
,,,1e-06,,16299
59,16299.0,0.24609375,,9.999999974752427e-07,16299
,,,1e-06,,16349
60,16349.0,0.240234375,,9.999999974752427e-07,16349
,,,1e-06,,16399
60,16399.0,0.23828125,,9.999999974752427e-07,16399
,,,1e-06,,16449
60,16449.0,0.23828125,,9.999999974752427e-07,16449
,,,1e-06,,16499
60,16499.0,0.232421875,,9.999999974752427e-07,16499
,,,1e-06,,16549
60,16549.0,0.2421875,,9.999999974752427e-07,16549
,,,1e-06,,16599
61,16599.0,0.2353515625,,9.999999974752427e-07,16599
,,,1e-06,,16649
61,16649.0,0.240234375,,9.999999974752427e-07,16649
,,,1e-06,,16699
61,16699.0,0.240234375,,9.999999974752427e-07,16699
,,,1e-06,,16749
61,16749.0,0.2255859375,,9.999999974752427e-07,16749
,,,1e-06,,16799
61,16799.0,0.234375,,9.999999974752427e-07,16799
,,,1e-06,,16849
61,16849.0,0.2373046875,,9.999999974752427e-07,16849
,,,1e-06,,16899
62,16899.0,0.2431640625,,9.999999974752427e-07,16899
,,,1e-06,,16949
62,16949.0,0.220703125,,9.999999974752427e-07,16949
,,,1e-06,,16999
62,16999.0,0.2431640625,,9.999999974752427e-07,16999
,,,1e-06,,17049
62,17049.0,0.236328125,,9.999999974752427e-07,17049
,,,1e-06,,17099
62,17099.0,0.2333984375,,9.999999974752427e-07,17099
,,,1e-06,,17149
63,17149.0,0.25,,9.999999974752427e-07,17149
,,,1e-06,,17199
63,17199.0,0.2314453125,,9.999999974752427e-07,17199
,,,1e-06,,17249
63,17249.0,0.2314453125,,9.999999974752427e-07,17249
,,,1e-06,,17299
63,17299.0,0.232421875,,9.999999974752427e-07,17299
,,,1e-06,,17349
63,17349.0,0.234375,,9.999999974752427e-07,17349
,,,1e-06,,17399
63,17399.0,0.2294921875,,9.999999974752427e-07,17399
,,,1e-06,,17449
64,17449.0,0.23046875,,9.999999974752427e-07,17449
,,,1e-06,,17499
64,17499.0,0.244140625,,9.999999974752427e-07,17499
,,,1e-06,,17549
64,17549.0,0.2412109375,,9.999999974752427e-07,17549
,,,1e-06,,17599
64,17599.0,0.2275390625,,9.999999974752427e-07,17599
,,,1e-06,,17649
64,17649.0,0.2421875,,9.999999974752427e-07,17649
,,,1e-06,,17699
65,17699.0,0.2412109375,,9.999999974752427e-07,17699
,,,1e-06,,17749
65,17749.0,0.23828125,,9.999999974752427e-07,17749
,,,1e-06,,17799
65,17799.0,0.232421875,,9.999999974752427e-07,17799
,,,1e-06,,17849
65,17849.0,0.2265625,,9.999999974752427e-07,17849
,,,1e-06,,17899
65,17899.0,0.2333984375,,9.999999974752427e-07,17899
,,,1e-06,,17949
65,17949.0,0.220703125,,9.999999974752427e-07,17949
,,,1e-06,,17999
66,17999.0,0.228515625,,9.999999974752427e-07,17999
,,,1e-06,,18049
66,18049.0,0.236328125,,9.999999974752427e-07,18049
,,,1e-06,,18099
66,18099.0,0.2431640625,,9.999999974752427e-07,18099
,,,1e-06,,18149
66,18149.0,0.2412109375,,9.999999974752427e-07,18149
,,,1e-06,,18199
66,18199.0,0.228515625,,9.999999974752427e-07,18199
,,,1e-06,,18249
67,18249.0,0.232421875,,9.999999974752427e-07,18249
,,,1e-06,,18299
67,18299.0,0.234375,,9.999999974752427e-07,18299
,,,1e-06,,18349
67,18349.0,0.228515625,,9.999999974752427e-07,18349
,,,1e-06,,18399
67,18399.0,0.248046875,,9.999999974752427e-07,18399
,,,1e-06,,18449
67,18449.0,0.24609375,,9.999999974752427e-07,18449
,,,1e-06,,18499
68,18499.0,0.232421875,,9.999999974752427e-07,18499
,,,1e-06,,18549
68,18549.0,0.25,,9.999999974752427e-07,18549
,,,1e-06,,18599
68,18599.0,0.2294921875,,9.999999974752427e-07,18599
,,,1e-06,,18649
68,18649.0,0.23828125,,9.999999974752427e-07,18649
,,,1e-06,,18699
68,18699.0,0.2412109375,,9.999999974752427e-07,18699
,,,1e-06,,18749
68,18749.0,0.236328125,,9.999999974752427e-07,18749
,,,1e-06,,18799
69,18799.0,0.2470703125,,9.999999974752427e-07,18799
,,,1e-06,,18849
69,18849.0,0.2392578125,,9.999999974752427e-07,18849
,,,1e-06,,18899
69,18899.0,0.2392578125,,9.999999974752427e-07,18899
,,,1e-06,,18949
69,18949.0,0.236328125,,9.999999974752427e-07,18949
,,,1e-06,,18999
69,18999.0,0.2451171875,,9.999999974752427e-07,18999
,,,1e-06,,19049
70,19049.0,0.2373046875,,9.999999974752427e-07,19049
,,,1e-06,,19099
70,19099.0,0.2392578125,,9.999999974752427e-07,19099
,,,1e-06,,19149
70,19149.0,0.2294921875,,9.999999974752427e-07,19149
,,,1e-06,,19199
70,19199.0,0.25,,9.999999974752427e-07,19199
,,,1e-06,,19249
70,19249.0,0.228515625,,9.999999974752427e-07,19249
,,,1e-06,,19299
70,19299.0,0.236328125,,9.999999974752427e-07,19299
,,,1e-06,,19349
71,19349.0,0.24609375,,9.999999974752427e-07,19349
,,,1e-06,,19399
71,19399.0,0.224609375,,9.999999974752427e-07,19399
,,,1e-06,,19449
71,19449.0,0.2392578125,,9.999999974752427e-07,19449
,,,1e-06,,19499
71,19499.0,0.224609375,,9.999999974752427e-07,19499
,,,1e-06,,19549
71,19549.0,0.2333984375,,9.999999974752427e-07,19549
,,,1e-06,,19599
72,19599.0,0.224609375,,9.999999974752427e-07,19599
,,,1e-06,,19649
72,19649.0,0.2255859375,,9.999999974752427e-07,19649
,,,1e-06,,19699
72,19699.0,0.2373046875,,9.999999974752427e-07,19699
,,,1e-06,,19749
72,19749.0,0.2451171875,,9.999999974752427e-07,19749
,,,1e-06,,19799
72,19799.0,0.234375,,9.999999974752427e-07,19799
,,,1e-06,,19849
72,19849.0,0.2265625,,9.999999974752427e-07,19849
,,,1e-06,,19899
73,19899.0,0.2431640625,,9.999999974752427e-07,19899
,,,1e-06,,19949
73,19949.0,0.234375,,9.999999974752427e-07,19949
,,,1e-06,,19999
73,19999.0,0.2451171875,,9.999999974752427e-07,19999
,,,1e-06,,20049
73,20049.0,0.234375,,9.999999974752427e-07,20049
,,,1e-06,,20099
73,20099.0,0.23828125,,9.999999974752427e-07,20099
,,,1e-06,,20149
74,20149.0,0.22265625,,9.999999974752427e-07,20149
,,,1e-06,,20199
74,20199.0,0.2294921875,,9.999999974752427e-07,20199
,,,1e-06,,20249
74,20249.0,0.2421875,,9.999999974752427e-07,20249
,,,1e-06,,20299
74,20299.0,0.228515625,,9.999999974752427e-07,20299
,,,1e-06,,20349
74,20349.0,0.25,,9.999999974752427e-07,20349
,,,1e-06,,20399
74,20399.0,0.2216796875,,9.999999974752427e-07,20399
,,,1e-06,,20449
75,20449.0,0.2294921875,,9.999999974752427e-07,20449
,,,1e-06,,20499
75,20499.0,0.2392578125,,9.999999974752427e-07,20499
,,,1e-06,,20549
75,20549.0,0.2353515625,,9.999999974752427e-07,20549
,,,1e-06,,20599
75,20599.0,0.244140625,,9.999999974752427e-07,20599
,,,1e-06,,20649
75,20649.0,0.2421875,,9.999999974752427e-07,20649
,,,1e-06,,20699
76,20699.0,0.26171875,,9.999999974752427e-07,20699
,,,1e-06,,20749
76,20749.0,0.23046875,,9.999999974752427e-07,20749
,,,1e-06,,20799
76,20799.0,0.2255859375,,9.999999974752427e-07,20799
,,,1e-06,,20849
76,20849.0,0.23046875,,9.999999974752427e-07,20849
,,,1e-06,,20899
76,20899.0,0.234375,,9.999999974752427e-07,20899
,,,1e-06,,20949
77,20949.0,0.2470703125,,9.999999974752427e-07,20949
,,,1e-06,,20999
77,20999.0,0.2392578125,,9.999999974752427e-07,20999
,,,1e-06,,21049
77,21049.0,0.2392578125,,9.999999974752427e-07,21049
,,,1e-06,,21099
77,21099.0,0.232421875,,9.999999974752427e-07,21099
,,,1e-06,,21149
77,21149.0,0.2275390625,,9.999999974752427e-07,21149
,,,1e-06,,21199
77,21199.0,0.2412109375,,9.999999974752427e-07,21199
,,,1e-06,,21249
78,21249.0,0.232421875,,9.999999974752427e-07,21249
,,,1e-06,,21299
78,21299.0,0.23828125,,9.999999974752427e-07,21299
,,,1e-06,,21349
78,21349.0,0.2470703125,,9.999999974752427e-07,21349
,,,1e-06,,21399
78,21399.0,0.2294921875,,9.999999974752427e-07,21399
,,,1e-06,,21449
78,21449.0,0.234375,,9.999999974752427e-07,21449
,,,1e-06,,21499
79,21499.0,0.2333984375,,9.999999974752427e-07,21499
,,,1e-06,,21549
79,21549.0,0.23828125,,9.999999974752427e-07,21549
,,,1e-06,,21599
79,21599.0,0.234375,,9.999999974752427e-07,21599
,,,1e-06,,21649
79,21649.0,0.2392578125,,9.999999974752427e-07,21649
,,,1e-06,,21699
79,21699.0,0.2470703125,,9.999999974752427e-07,21699
,,,1e-06,,21749
79,21749.0,0.232421875,,9.999999974752427e-07,21749
,,,1e-06,,21799
80,21799.0,0.2421875,,9.999999974752427e-07,21799
,,,1e-06,,21849
80,21849.0,0.23828125,,9.999999974752427e-07,21849
,,,1e-06,,21899
80,21899.0,0.2431640625,,9.999999974752427e-07,21899
,,,1e-06,,21949
80,21949.0,0.25,,9.999999974752427e-07,21949
,,,1e-06,,21999
80,21999.0,0.2431640625,,9.999999974752427e-07,21999
,,,1e-06,,22049
81,22049.0,0.228515625,,9.999999974752427e-07,22049
,,,1e-06,,22099
81,22099.0,0.2431640625,,9.999999974752427e-07,22099
,,,1e-06,,22149
81,22149.0,0.2373046875,,9.999999974752427e-07,22149
,,,1e-06,,22199
81,22199.0,0.244140625,,9.999999974752427e-07,22199
,,,1e-06,,22249
81,22249.0,0.2470703125,,9.999999974752427e-07,22249
,,,1e-06,,22299
81,22299.0,0.2392578125,,9.999999974752427e-07,22299
,,,1e-06,,22349
82,22349.0,0.2353515625,,9.999999974752427e-07,22349
,,,1e-06,,22399
82,22399.0,0.22265625,,9.999999974752427e-07,22399
,,,1e-06,,22449
82,22449.0,0.234375,,9.999999974752427e-07,22449
,,,1e-06,,22499
82,22499.0,0.244140625,,9.999999974752427e-07,22499
,,,1e-06,,22549
82,22549.0,0.248046875,,9.999999974752427e-07,22549
,,,1e-06,,22599
83,22599.0,0.2333984375,,9.999999974752427e-07,22599
,,,1e-06,,22649
83,22649.0,0.234375,,9.999999974752427e-07,22649
,,,1e-06,,22699
83,22699.0,0.232421875,,9.999999974752427e-07,22699
,,,1e-06,,22749
83,22749.0,0.24609375,,9.999999974752427e-07,22749
,,,1e-06,,22799
83,22799.0,0.2275390625,,9.999999974752427e-07,22799
,,,1e-06,,22849
84,22849.0,0.2392578125,,9.999999974752427e-07,22849
,,,1e-06,,22899
84,22899.0,0.23828125,,9.999999974752427e-07,22899
,,,1e-06,,22949
84,22949.0,0.2333984375,,9.999999974752427e-07,22949
,,,1e-06,,22999
84,22999.0,0.234375,,9.999999974752427e-07,22999
,,,1e-06,,23049
84,23049.0,0.2421875,,9.999999974752427e-07,23049
,,,1e-06,,23099
84,23099.0,0.234375,,9.999999974752427e-07,23099
,,,1e-06,,23149
85,23149.0,0.24609375,,9.999999974752427e-07,23149
,,,1e-06,,23199
85,23199.0,0.2314453125,,9.999999974752427e-07,23199
,,,1e-06,,23249
85,23249.0,0.2431640625,,9.999999974752427e-07,23249
,,,1e-06,,23299
85,23299.0,0.240234375,,9.999999974752427e-07,23299
,,,1e-06,,23349
85,23349.0,0.2421875,,9.999999974752427e-07,23349
,,,1e-06,,23399
86,23399.0,0.23828125,,9.999999974752427e-07,23399
,,,1e-06,,23449
86,23449.0,0.240234375,,9.999999974752427e-07,23449
,,,1e-06,,23499
86,23499.0,0.2431640625,,9.999999974752427e-07,23499
,,,1e-06,,23549
86,23549.0,0.2431640625,,9.999999974752427e-07,23549
,,,1e-06,,23599
86,23599.0,0.251953125,,9.999999974752427e-07,23599
,,,1e-06,,23649
86,23649.0,0.2353515625,,9.999999974752427e-07,23649
,,,1e-06,,23699
87,23699.0,0.23046875,,9.999999974752427e-07,23699
,,,1e-06,,23749
87,23749.0,0.228515625,,9.999999974752427e-07,23749
,,,1e-06,,23799
87,23799.0,0.232421875,,9.999999974752427e-07,23799
,,,1e-06,,23849
87,23849.0,0.2392578125,,9.999999974752427e-07,23849
,,,1e-06,,23899
87,23899.0,0.2236328125,,9.999999974752427e-07,23899
,,,1e-06,,23949
88,23949.0,0.2314453125,,9.999999974752427e-07,23949
,,,1e-06,,23999
88,23999.0,0.23828125,,9.999999974752427e-07,23999
,,,1e-06,,24049
88,24049.0,0.2470703125,,9.999999974752427e-07,24049
,,,1e-06,,24099
88,24099.0,0.2392578125,,9.999999974752427e-07,24099
,,,1e-06,,24149
88,24149.0,0.234375,,9.999999974752427e-07,24149
,,,1e-06,,24199
88,24199.0,0.220703125,,9.999999974752427e-07,24199
,,,1e-06,,24249
89,24249.0,0.2373046875,,9.999999974752427e-07,24249
,,,1e-06,,24299
89,24299.0,0.2294921875,,9.999999974752427e-07,24299
,,,1e-06,,24349
89,24349.0,0.2373046875,,9.999999974752427e-07,24349
,,,1e-06,,24399
89,24399.0,0.2392578125,,9.999999974752427e-07,24399
,,,1e-06,,24449
89,24449.0,0.2275390625,,9.999999974752427e-07,24449
,,,1e-06,,24499
90,24499.0,0.2412109375,,9.999999974752427e-07,24499
,,,1e-06,,24549
90,24549.0,0.2412109375,,9.999999974752427e-07,24549
,,,1e-06,,24599
90,24599.0,0.2392578125,,9.999999974752427e-07,24599
,,,1e-06,,24649
90,24649.0,0.24609375,,9.999999974752427e-07,24649
,,,1e-06,,24699
90,24699.0,0.240234375,,9.999999974752427e-07,24699
,,,1e-06,,24749
90,24749.0,0.255859375,,9.999999974752427e-07,24749
,,,1e-06,,24799
91,24799.0,0.232421875,,9.999999974752427e-07,24799
,,,1e-06,,24849
91,24849.0,0.23828125,,9.999999974752427e-07,24849
,,,1e-06,,24899
91,24899.0,0.2412109375,,9.999999974752427e-07,24899
,,,1e-06,,24949
91,24949.0,0.2373046875,,9.999999974752427e-07,24949
,,,1e-06,,24999
91,24999.0,0.2421875,,9.999999974752427e-07,24999
,,,1e-06,,25049
92,25049.0,0.240234375,,9.999999974752427e-07,25049
,,,1e-06,,25099
92,25099.0,0.240234375,,9.999999974752427e-07,25099
,,,1e-06,,25149
92,25149.0,0.2197265625,,9.999999974752427e-07,25149
,,,1e-06,,25199
92,25199.0,0.244140625,,9.999999974752427e-07,25199
,,,1e-06,,25249
92,25249.0,0.2138671875,,9.999999974752427e-07,25249
,,,1e-06,,25299
93,25299.0,0.248046875,,9.999999974752427e-07,25299
,,,1e-06,,25349
93,25349.0,0.2255859375,,9.999999974752427e-07,25349
,,,1e-06,,25399
93,25399.0,0.2490234375,,9.999999974752427e-07,25399
,,,1e-06,,25449
93,25449.0,0.236328125,,9.999999974752427e-07,25449
,,,1e-06,,25499
93,25499.0,0.240234375,,9.999999974752427e-07,25499
,,,1e-06,,25549
93,25549.0,0.2255859375,,9.999999974752427e-07,25549
,,,1e-06,,25599
94,25599.0,0.236328125,,9.999999974752427e-07,25599
,,,1e-06,,25649
94,25649.0,0.220703125,,9.999999974752427e-07,25649
,,,1e-06,,25699
94,25699.0,0.23046875,,9.999999974752427e-07,25699
,,,1e-06,,25749
94,25749.0,0.234375,,9.999999974752427e-07,25749
,,,1e-06,,25799
94,25799.0,0.2470703125,,9.999999974752427e-07,25799
,,,1e-06,,25849
95,25849.0,0.248046875,,9.999999974752427e-07,25849
,,,1e-06,,25899
95,25899.0,0.228515625,,9.999999974752427e-07,25899
,,,1e-06,,25949
95,25949.0,0.2275390625,,9.999999974752427e-07,25949
,,,1e-06,,25999
95,25999.0,0.25390625,,9.999999974752427e-07,25999
,,,1e-06,,26049
95,26049.0,0.2412109375,,9.999999974752427e-07,26049
,,,1e-06,,26099
95,26099.0,0.2451171875,,9.999999974752427e-07,26099
,,,1e-06,,26149
96,26149.0,0.2470703125,,9.999999974752427e-07,26149
,,,1e-06,,26199
96,26199.0,0.2412109375,,9.999999974752427e-07,26199
,,,1e-06,,26249
96,26249.0,0.2421875,,9.999999974752427e-07,26249
,,,1e-06,,26299
96,26299.0,0.25,,9.999999974752427e-07,26299
,,,1e-06,,26349
96,26349.0,0.2421875,,9.999999974752427e-07,26349
,,,1e-06,,26399
97,26399.0,0.24609375,,9.999999974752427e-07,26399
,,,1e-06,,26449
97,26449.0,0.232421875,,9.999999974752427e-07,26449
,,,1e-06,,26499
97,26499.0,0.23046875,,9.999999974752427e-07,26499
,,,1e-06,,26549
97,26549.0,0.2431640625,,9.999999974752427e-07,26549
,,,1e-06,,26599
97,26599.0,0.2353515625,,9.999999974752427e-07,26599
,,,1e-06,,26649
97,26649.0,0.23828125,,9.999999974752427e-07,26649
,,,1e-06,,26699
98,26699.0,0.232421875,,9.999999974752427e-07,26699
,,,1e-06,,26749
98,26749.0,0.2314453125,,9.999999974752427e-07,26749
,,,1e-06,,26799
98,26799.0,0.2236328125,,9.999999974752427e-07,26799
,,,1e-06,,26849
98,26849.0,0.236328125,,9.999999974752427e-07,26849
,,,1e-06,,26899
98,26899.0,0.23828125,,9.999999974752427e-07,26899
,,,1e-06,,26949
99,26949.0,0.2373046875,,9.999999974752427e-07,26949
,,,1e-06,,26999
99,26999.0,0.2236328125,,9.999999974752427e-07,26999
,,,1e-06,,27049
99,27049.0,0.2216796875,,9.999999974752427e-07,27049
,,,1e-06,,27099
99,27099.0,0.2392578125,,9.999999974752427e-07,27099
,,,1e-06,,27149
99,27149.0,0.2353515625,,9.999999974752427e-07,27149
,,,1e-06,,27199
99,27199.0,0.2412109375,,9.999999974752427e-07,27199
,,,1e-06,,27249
100,27249.0,0.24609375,,9.999999974752427e-07,27249
,,,1e-06,,27299
100,27299.0,0.2353515625,,9.999999974752427e-07,27299
,,,1e-06,,27349
100,27349.0,0.2333984375,,9.999999974752427e-07,27349
,,,1e-06,,27399
100,27399.0,0.2490234375,,9.999999974752427e-07,27399
,,,1e-06,,27449
100,27449.0,0.2255859375,,9.999999974752427e-07,27449
,,,1e-06,,27499
101,27499.0,0.23828125,,9.999999974752427e-07,27499
,,,1e-06,,27549
101,27549.0,0.234375,,9.999999974752427e-07,27549
,,,1e-06,,27599
101,27599.0,0.236328125,,9.999999974752427e-07,27599
,,,1e-06,,27649
101,27649.0,0.2333984375,,9.999999974752427e-07,27649
,,,1e-06,,27699
101,27699.0,0.24609375,,9.999999974752427e-07,27699
,,,1e-06,,27749
102,27749.0,0.2392578125,,9.999999974752427e-07,27749
,,,1e-06,,27799
102,27799.0,0.2373046875,,9.999999974752427e-07,27799
,,,1e-06,,27849
102,27849.0,0.2294921875,,9.999999974752427e-07,27849
,,,1e-06,,27899
102,27899.0,0.232421875,,9.999999974752427e-07,27899
,,,1e-06,,27949
102,27949.0,0.234375,,9.999999974752427e-07,27949
,,,1e-06,,27999
102,27999.0,0.240234375,,9.999999974752427e-07,27999
,,,1e-06,,28049
103,28049.0,0.2373046875,,9.999999974752427e-07,28049
,,,1e-06,,28099
103,28099.0,0.2451171875,,9.999999974752427e-07,28099
,,,1e-06,,28149
103,28149.0,0.2421875,,9.999999974752427e-07,28149
,,,1e-06,,28199
103,28199.0,0.2294921875,,9.999999974752427e-07,28199
,,,1e-06,,28249
103,28249.0,0.255859375,,9.999999974752427e-07,28249
,,,1e-06,,28299
104,28299.0,0.23828125,,9.999999974752427e-07,28299
,,,1e-06,,28349
104,28349.0,0.2421875,,9.999999974752427e-07,28349
,,,1e-06,,28399
104,28399.0,0.2470703125,,9.999999974752427e-07,28399
,,,1e-06,,28449
104,28449.0,0.2392578125,,9.999999974752427e-07,28449
,,,1e-06,,28499
104,28499.0,0.2412109375,,9.999999974752427e-07,28499
,,,1e-06,,28549
104,28549.0,0.234375,,9.999999974752427e-07,28549
,,,1e-06,,28599
105,28599.0,0.234375,,9.999999974752427e-07,28599
,,,1e-06,,28649
105,28649.0,0.2333984375,,9.999999974752427e-07,28649
,,,1e-06,,28699
105,28699.0,0.2490234375,,9.999999974752427e-07,28699
,,,1e-06,,28749
105,28749.0,0.2333984375,,9.999999974752427e-07,28749
,,,1e-06,,28799
105,28799.0,0.234375,,9.999999974752427e-07,28799
,,,1e-06,,28849
106,28849.0,0.234375,,9.999999974752427e-07,28849
,,,1e-06,,28899
106,28899.0,0.240234375,,9.999999974752427e-07,28899
,,,1e-06,,28949
106,28949.0,0.236328125,,9.999999974752427e-07,28949
,,,1e-06,,28999
106,28999.0,0.23046875,,9.999999974752427e-07,28999
,,,1e-06,,29049
106,29049.0,0.2392578125,,9.999999974752427e-07,29049
,,,1e-06,,29099
106,29099.0,0.2353515625,,9.999999974752427e-07,29099
,,,1e-06,,29149
107,29149.0,0.234375,,9.999999974752427e-07,29149
,,,1e-06,,29199
107,29199.0,0.220703125,,9.999999974752427e-07,29199
,,,1e-06,,29249
107,29249.0,0.2353515625,,9.999999974752427e-07,29249
,,,1e-06,,29299
107,29299.0,0.2314453125,,9.999999974752427e-07,29299
,,,1e-06,,29349
107,29349.0,0.2265625,,9.999999974752427e-07,29349
,,,1e-06,,29399
108,29399.0,0.2314453125,,9.999999974752427e-07,29399
,,,1e-06,,29449
108,29449.0,0.23828125,,9.999999974752427e-07,29449
,,,1e-06,,29499
108,29499.0,0.2451171875,,9.999999974752427e-07,29499
,,,1e-06,,29549
108,29549.0,0.2275390625,,9.999999974752427e-07,29549
,,,1e-06,,29599
108,29599.0,0.2333984375,,9.999999974752427e-07,29599
,,,1e-06,,29649
109,29649.0,0.234375,,9.999999974752427e-07,29649
,,,1e-06,,29699
109,29699.0,0.2421875,,9.999999974752427e-07,29699
,,,1e-06,,29749
109,29749.0,0.232421875,,9.999999974752427e-07,29749
,,,1e-06,,29799
109,29799.0,0.244140625,,9.999999974752427e-07,29799
,,,1e-06,,29849
109,29849.0,0.2294921875,,9.999999974752427e-07,29849
,,,1e-06,,29899
109,29899.0,0.2431640625,,9.999999974752427e-07,29899
,,,1e-06,,29949
110,29949.0,0.248046875,,9.999999974752427e-07,29949
,,,1e-06,,29999
110,29999.0,0.2470703125,,9.999999974752427e-07,29999
,,,1e-06,,30049
110,30049.0,0.2451171875,,9.999999974752427e-07,30049
,,,1e-06,,30099
110,30099.0,0.2412109375,,9.999999974752427e-07,30099
,,,1e-06,,30149
110,30149.0,0.236328125,,9.999999974752427e-07,30149
,,,1e-06,,30199
111,30199.0,0.2412109375,,9.999999974752427e-07,30199
,,,1e-06,,30249
111,30249.0,0.2431640625,,9.999999974752427e-07,30249
,,,1e-06,,30299
111,30299.0,0.2353515625,,9.999999974752427e-07,30299
,,,1e-06,,30349
111,30349.0,0.234375,,9.999999974752427e-07,30349
,,,1e-06,,30399
111,30399.0,0.23046875,,9.999999974752427e-07,30399
,,,1e-06,,30449
111,30449.0,0.2333984375,,9.999999974752427e-07,30449
,,,1e-06,,30499
112,30499.0,0.236328125,,9.999999974752427e-07,30499
,,,1e-06,,30549
112,30549.0,0.228515625,,9.999999974752427e-07,30549
,,,1e-06,,30599
112,30599.0,0.251953125,,9.999999974752427e-07,30599
,,,1e-06,,30649
112,30649.0,0.23828125,,9.999999974752427e-07,30649
,,,1e-06,,30699
112,30699.0,0.2353515625,,9.999999974752427e-07,30699
,,,1e-06,,30749
113,30749.0,0.2451171875,,9.999999974752427e-07,30749
,,,1e-06,,30799
113,30799.0,0.2333984375,,9.999999974752427e-07,30799
,,,1e-06,,30849
113,30849.0,0.244140625,,9.999999974752427e-07,30849
,,,1e-06,,30899
113,30899.0,0.232421875,,9.999999974752427e-07,30899
,,,1e-06,,30949
113,30949.0,0.2314453125,,9.999999974752427e-07,30949
,,,1e-06,,30999
113,30999.0,0.23046875,,9.999999974752427e-07,30999
,,,1e-06,,31049
114,31049.0,0.220703125,,9.999999974752427e-07,31049
,,,1e-06,,31099
114,31099.0,0.228515625,,9.999999974752427e-07,31099
,,,1e-06,,31149
114,31149.0,0.2392578125,,9.999999974752427e-07,31149
,,,1e-06,,31199
114,31199.0,0.2451171875,,9.999999974752427e-07,31199
,,,1e-06,,31249
114,31249.0,0.240234375,,9.999999974752427e-07,31249
,,,1e-06,,31299
115,31299.0,0.2373046875,,9.999999974752427e-07,31299
,,,1e-06,,31349
115,31349.0,0.240234375,,9.999999974752427e-07,31349
,,,1e-06,,31399
115,31399.0,0.25,,9.999999974752427e-07,31399
,,,1e-06,,31449
115,31449.0,0.2470703125,,9.999999974752427e-07,31449
,,,1e-06,,31499
115,31499.0,0.2353515625,,9.999999974752427e-07,31499
,,,1e-06,,31549
115,31549.0,0.2451171875,,9.999999974752427e-07,31549
,,,1e-06,,31599
116,31599.0,0.2431640625,,9.999999974752427e-07,31599
,,,1e-06,,31649
116,31649.0,0.2236328125,,9.999999974752427e-07,31649
,,,1e-06,,31699
116,31699.0,0.21875,,9.999999974752427e-07,31699
,,,1e-06,,31749
116,31749.0,0.2392578125,,9.999999974752427e-07,31749
,,,1e-06,,31799
116,31799.0,0.2431640625,,9.999999974752427e-07,31799
,,,1e-06,,31849
117,31849.0,0.2412109375,,9.999999974752427e-07,31849
,,,1e-06,,31899
117,31899.0,0.2392578125,,9.999999974752427e-07,31899
,,,1e-06,,31949
117,31949.0,0.2373046875,,9.999999974752427e-07,31949
,,,1e-06,,31999
117,31999.0,0.2294921875,,9.999999974752427e-07,31999
,,,1e-06,,32049
117,32049.0,0.240234375,,9.999999974752427e-07,32049
,,,1e-06,,32099
118,32099.0,0.2431640625,,9.999999974752427e-07,32099
,,,1e-06,,32149
118,32149.0,0.2431640625,,9.999999974752427e-07,32149
,,,1e-06,,32199
118,32199.0,0.2470703125,,9.999999974752427e-07,32199
,,,1e-06,,32249
118,32249.0,0.236328125,,9.999999974752427e-07,32249
,,,1e-06,,32299
118,32299.0,0.2265625,,9.999999974752427e-07,32299
,,,1e-06,,32349
118,32349.0,0.234375,,9.999999974752427e-07,32349
,,,1e-06,,32399
119,32399.0,0.2431640625,,9.999999974752427e-07,32399
,,,1e-06,,32449
119,32449.0,0.2353515625,,9.999999974752427e-07,32449
,,,1e-06,,32499
119,32499.0,0.236328125,,9.999999974752427e-07,32499
,,,1e-06,,32549
119,32549.0,0.2314453125,,9.999999974752427e-07,32549
,,,1e-06,,32599
119,32599.0,0.234375,,9.999999974752427e-07,32599
,,,1e-06,,32649
120,32649.0,0.2431640625,,9.999999974752427e-07,32649
,,,1e-06,,32699
120,32699.0,0.2392578125,,9.999999974752427e-07,32699
,,,1e-06,,32749
120,32749.0,0.23046875,,9.999999974752427e-07,32749
,,,1e-06,,32799
120,32799.0,0.244140625,,9.999999974752427e-07,32799
,,,1e-06,,32849
120,32849.0,0.236328125,,9.999999974752427e-07,32849
,,,1e-06,,32899
120,32899.0,0.2294921875,,9.999999974752427e-07,32899
,,,1e-06,,32949
121,32949.0,0.25,,9.999999974752427e-07,32949
,,,1e-06,,32999
121,32999.0,0.25,,9.999999974752427e-07,32999
,,,1e-06,,33049
121,33049.0,0.234375,,9.999999974752427e-07,33049
,,,1e-06,,33099
121,33099.0,0.232421875,,9.999999974752427e-07,33099
,,,1e-06,,33149
121,33149.0,0.2294921875,,9.999999974752427e-07,33149
,,,1e-06,,33199
122,33199.0,0.234375,,9.999999974752427e-07,33199
,,,1e-06,,33249
122,33249.0,0.2412109375,,9.999999974752427e-07,33249
,,,1e-06,,33299
122,33299.0,0.2177734375,,9.999999974752427e-07,33299
,,,1e-06,,33349
122,33349.0,0.23046875,,9.999999974752427e-07,33349
,,,1e-06,,33399
122,33399.0,0.2294921875,,9.999999974752427e-07,33399
,,,1e-06,,33449
122,33449.0,0.2353515625,,9.999999974752427e-07,33449
,,,1e-06,,33499
123,33499.0,0.234375,,9.999999974752427e-07,33499
,,,1e-06,,33549
123,33549.0,0.2412109375,,9.999999974752427e-07,33549
,,,1e-06,,33599
123,33599.0,0.2421875,,9.999999974752427e-07,33599
,,,1e-06,,33649
123,33649.0,0.2412109375,,9.999999974752427e-07,33649
,,,1e-06,,33699
123,33699.0,0.25,,9.999999974752427e-07,33699
,,,1e-06,,33749
124,33749.0,0.240234375,,9.999999974752427e-07,33749
,,,1e-06,,33799
124,33799.0,0.2470703125,,9.999999974752427e-07,33799
,,,1e-06,,33849
124,33849.0,0.255859375,,9.999999974752427e-07,33849
,,,1e-06,,33899
124,33899.0,0.2197265625,,9.999999974752427e-07,33899
,,,1e-06,,33949
124,33949.0,0.2265625,,9.999999974752427e-07,33949
,,,1e-06,,33999
124,33999.0,0.2470703125,,9.999999974752427e-07,33999
,,,1e-06,,34049
125,34049.0,0.23828125,,9.999999974752427e-07,34049
,,,1e-06,,34099
125,34099.0,0.2421875,,9.999999974752427e-07,34099
,,,1e-06,,34149
125,34149.0,0.234375,,9.999999974752427e-07,34149
,,,1e-06,,34199
125,34199.0,0.25390625,,9.999999974752427e-07,34199
,,,1e-06,,34249
125,34249.0,0.2412109375,,9.999999974752427e-07,34249
,,,1e-06,,34299
126,34299.0,0.236328125,,9.999999974752427e-07,34299
,,,1e-06,,34349
126,34349.0,0.2412109375,,9.999999974752427e-07,34349
,,,1e-06,,34399
126,34399.0,0.2470703125,,9.999999974752427e-07,34399
,,,1e-06,,34449
126,34449.0,0.232421875,,9.999999974752427e-07,34449
,,,1e-06,,34499
126,34499.0,0.2412109375,,9.999999974752427e-07,34499
,,,1e-06,,34549
127,34549.0,0.25390625,,9.999999974752427e-07,34549
,,,1e-06,,34599
127,34599.0,0.236328125,,9.999999974752427e-07,34599
,,,1e-06,,34649
127,34649.0,0.2392578125,,9.999999974752427e-07,34649
,,,1e-06,,34699
127,34699.0,0.2294921875,,9.999999974752427e-07,34699
,,,1e-06,,34749
127,34749.0,0.228515625,,9.999999974752427e-07,34749
,,,1e-06,,34799
127,34799.0,0.236328125,,9.999999974752427e-07,34799
,,,1e-06,,34849
128,34849.0,0.24609375,,9.999999974752427e-07,34849
,,,1e-06,,34899
128,34899.0,0.2421875,,9.999999974752427e-07,34899
,,,1e-06,,34949
128,34949.0,0.236328125,,9.999999974752427e-07,34949
,,,1e-06,,34999
128,34999.0,0.224609375,,9.999999974752427e-07,34999
,,,1e-06,,35049
128,35049.0,0.2265625,,9.999999974752427e-07,35049
,,,1e-06,,35099
129,35099.0,0.232421875,,9.999999974752427e-07,35099
,,,1e-06,,35149
129,35149.0,0.2275390625,,9.999999974752427e-07,35149
,,,1e-06,,35199
129,35199.0,0.244140625,,9.999999974752427e-07,35199
,,,1e-06,,35249
129,35249.0,0.2216796875,,9.999999974752427e-07,35249
,,,1e-06,,35299
129,35299.0,0.2373046875,,9.999999974752427e-07,35299
,,,1e-06,,35349
129,35349.0,0.2392578125,,9.999999974752427e-07,35349
,,,1e-06,,35399
130,35399.0,0.2412109375,,9.999999974752427e-07,35399
,,,1e-06,,35449
130,35449.0,0.23046875,,9.999999974752427e-07,35449
,,,1e-06,,35499
130,35499.0,0.23046875,,9.999999974752427e-07,35499
,,,1e-06,,35549
130,35549.0,0.240234375,,9.999999974752427e-07,35549
,,,1e-06,,35599
130,35599.0,0.2314453125,,9.999999974752427e-07,35599
,,,1e-06,,35649
131,35649.0,0.2333984375,,9.999999974752427e-07,35649
,,,1e-06,,35699
131,35699.0,0.23046875,,9.999999974752427e-07,35699
,,,1e-06,,35749
131,35749.0,0.2275390625,,9.999999974752427e-07,35749
,,,1e-06,,35799
131,35799.0,0.2275390625,,9.999999974752427e-07,35799
,,,1e-06,,35849
131,35849.0,0.2265625,,9.999999974752427e-07,35849
,,,1e-06,,35899
131,35899.0,0.2333984375,,9.999999974752427e-07,35899
,,,1e-06,,35949
132,35949.0,0.2421875,,9.999999974752427e-07,35949
,,,1e-06,,35999
132,35999.0,0.232421875,,9.999999974752427e-07,35999
,,,1e-06,,36049
132,36049.0,0.2490234375,,9.999999974752427e-07,36049
,,,1e-06,,36099
132,36099.0,0.2275390625,,9.999999974752427e-07,36099
,,,1e-06,,36149
132,36149.0,0.24609375,,9.999999974752427e-07,36149
,,,1e-06,,36199
133,36199.0,0.2373046875,,9.999999974752427e-07,36199
,,,1e-06,,36249
133,36249.0,0.2412109375,,9.999999974752427e-07,36249
,,,1e-06,,36299
133,36299.0,0.2314453125,,9.999999974752427e-07,36299
,,,1e-06,,36349
133,36349.0,0.240234375,,9.999999974752427e-07,36349
,,,1e-06,,36399
133,36399.0,0.2412109375,,9.999999974752427e-07,36399
,,,1e-06,,36449
134,36449.0,0.2353515625,,9.999999974752427e-07,36449
,,,1e-06,,36499
134,36499.0,0.2470703125,,9.999999974752427e-07,36499
,,,1e-06,,36549
134,36549.0,0.24609375,,9.999999974752427e-07,36549
,,,1e-06,,36599
134,36599.0,0.228515625,,9.999999974752427e-07,36599
,,,1e-06,,36649
134,36649.0,0.2353515625,,9.999999974752427e-07,36649
,,,1e-06,,36699
134,36699.0,0.25390625,,9.999999974752427e-07,36699
,,,1e-06,,36749
135,36749.0,0.2412109375,,9.999999974752427e-07,36749
,,,1e-06,,36799
135,36799.0,0.2294921875,,9.999999974752427e-07,36799
,,,1e-06,,36849
135,36849.0,0.2412109375,,9.999999974752427e-07,36849
,,,1e-06,,36899
135,36899.0,0.2314453125,,9.999999974752427e-07,36899
,,,1e-06,,36949
135,36949.0,0.236328125,,9.999999974752427e-07,36949
,,,1e-06,,36999
136,36999.0,0.2353515625,,9.999999974752427e-07,36999
,,,1e-06,,37049
136,37049.0,0.2265625,,9.999999974752427e-07,37049
,,,1e-06,,37099
136,37099.0,0.224609375,,9.999999974752427e-07,37099
,,,1e-06,,37149
136,37149.0,0.236328125,,9.999999974752427e-07,37149
,,,1e-06,,37199
136,37199.0,0.236328125,,9.999999974752427e-07,37199
,,,1e-06,,37249
136,37249.0,0.2236328125,,9.999999974752427e-07,37249
,,,1e-06,,37299
137,37299.0,0.234375,,9.999999974752427e-07,37299
,,,1e-06,,37349
137,37349.0,0.23828125,,9.999999974752427e-07,37349
,,,1e-06,,37399
137,37399.0,0.23046875,,9.999999974752427e-07,37399
,,,1e-06,,37449
137,37449.0,0.2333984375,,9.999999974752427e-07,37449
,,,1e-06,,37499
137,37499.0,0.2451171875,,9.999999974752427e-07,37499
,,,1e-06,,37549
138,37549.0,0.2412109375,,9.999999974752427e-07,37549
,,,1e-06,,37599
138,37599.0,0.240234375,,9.999999974752427e-07,37599
,,,1e-06,,37649
138,37649.0,0.248046875,,9.999999974752427e-07,37649
,,,1e-06,,37699
138,37699.0,0.232421875,,9.999999974752427e-07,37699
,,,1e-06,,37749
138,37749.0,0.25390625,,9.999999974752427e-07,37749
,,,1e-06,,37799
138,37799.0,0.244140625,,9.999999974752427e-07,37799
,,,1e-06,,37849
139,37849.0,0.234375,,9.999999974752427e-07,37849
,,,1e-06,,37899
139,37899.0,0.2353515625,,9.999999974752427e-07,37899
,,,1e-06,,37949
139,37949.0,0.232421875,,9.999999974752427e-07,37949
,,,1e-06,,37999
139,37999.0,0.2333984375,,9.999999974752427e-07,37999
,,,1e-06,,38049
139,38049.0,0.240234375,,9.999999974752427e-07,38049
,,,1e-06,,38099
140,38099.0,0.224609375,,9.999999974752427e-07,38099
,,,1e-06,,38149
140,38149.0,0.224609375,,9.999999974752427e-07,38149
,,,1e-06,,38199
140,38199.0,0.2421875,,9.999999974752427e-07,38199
,,,1e-06,,38249
140,38249.0,0.232421875,,9.999999974752427e-07,38249
,,,1e-06,,38299
140,38299.0,0.232421875,,9.999999974752427e-07,38299
,,,1e-06,,38349
140,38349.0,0.2373046875,,9.999999974752427e-07,38349
,,,1e-06,,38399
141,38399.0,0.2421875,,9.999999974752427e-07,38399
,,,1e-06,,38449
141,38449.0,0.2353515625,,9.999999974752427e-07,38449
,,,1e-06,,38499
141,38499.0,0.2421875,,9.999999974752427e-07,38499
,,,1e-06,,38549
141,38549.0,0.2451171875,,9.999999974752427e-07,38549
,,,1e-06,,38599
141,38599.0,0.24609375,,9.999999974752427e-07,38599
,,,1e-06,,38649
142,38649.0,0.2431640625,,9.999999974752427e-07,38649
,,,1e-06,,38699
142,38699.0,0.2412109375,,9.999999974752427e-07,38699
,,,1e-06,,38749
142,38749.0,0.23046875,,9.999999974752427e-07,38749
,,,1e-06,,38799
142,38799.0,0.2333984375,,9.999999974752427e-07,38799
,,,1e-06,,38849
142,38849.0,0.240234375,,9.999999974752427e-07,38849
,,,1e-06,,38899
143,38899.0,0.255859375,,9.999999974752427e-07,38899
,,,1e-06,,38949
143,38949.0,0.2255859375,,9.999999974752427e-07,38949
,,,1e-06,,38999
143,38999.0,0.23828125,,9.999999974752427e-07,38999
,,,1e-06,,39049
143,39049.0,0.2353515625,,9.999999974752427e-07,39049
,,,1e-06,,39099
143,39099.0,0.2294921875,,9.999999974752427e-07,39099
,,,1e-06,,39149
143,39149.0,0.234375,,9.999999974752427e-07,39149
,,,1e-06,,39199
144,39199.0,0.2421875,,9.999999974752427e-07,39199
,,,1e-06,,39249
144,39249.0,0.244140625,,9.999999974752427e-07,39249
,,,1e-06,,39299
144,39299.0,0.2470703125,,9.999999974752427e-07,39299
,,,1e-06,,39349
144,39349.0,0.2412109375,,9.999999974752427e-07,39349
,,,1e-06,,39399
144,39399.0,0.2294921875,,9.999999974752427e-07,39399
,,,1e-06,,39449
145,39449.0,0.2421875,,9.999999974752427e-07,39449
,,,1e-06,,39499
145,39499.0,0.234375,,9.999999974752427e-07,39499
,,,1e-06,,39549
145,39549.0,0.2294921875,,9.999999974752427e-07,39549
,,,1e-06,,39599
145,39599.0,0.2265625,,9.999999974752427e-07,39599
,,,1e-06,,39649
145,39649.0,0.234375,,9.999999974752427e-07,39649
,,,1e-06,,39699
145,39699.0,0.251953125,,9.999999974752427e-07,39699
,,,1e-06,,39749
146,39749.0,0.232421875,,9.999999974752427e-07,39749
,,,1e-06,,39799
146,39799.0,0.234375,,9.999999974752427e-07,39799
,,,1e-06,,39849
146,39849.0,0.2314453125,,9.999999974752427e-07,39849
,,,1e-06,,39899
146,39899.0,0.2470703125,,9.999999974752427e-07,39899
,,,1e-06,,39949
146,39949.0,0.2373046875,,9.999999974752427e-07,39949
,,,1e-06,,39999
147,39999.0,0.23828125,,9.999999974752427e-07,39999
,,,1e-06,,40049
147,40049.0,0.236328125,,9.999999974752427e-07,40049
,,,1e-06,,40099
147,40099.0,0.21875,,9.999999974752427e-07,40099
,,,1e-06,,40149
147,40149.0,0.2451171875,,9.999999974752427e-07,40149
,,,1e-06,,40199
147,40199.0,0.23828125,,9.999999974752427e-07,40199
,,,1e-06,,40249
147,40249.0,0.2392578125,,9.999999974752427e-07,40249
,,,1e-06,,40299
148,40299.0,0.244140625,,9.999999974752427e-07,40299
,,,1e-06,,40349
148,40349.0,0.232421875,,9.999999974752427e-07,40349
,,,1e-06,,40399
148,40399.0,0.2412109375,,9.999999974752427e-07,40399
,,,1e-06,,40449
148,40449.0,0.2236328125,,9.999999974752427e-07,40449
,,,1e-06,,40499
148,40499.0,0.232421875,,9.999999974752427e-07,40499
,,,1e-06,,40549
149,40549.0,0.234375,,9.999999974752427e-07,40549
,,,1e-06,,40599
149,40599.0,0.2421875,,9.999999974752427e-07,40599
,,,1e-06,,40649
149,40649.0,0.2373046875,,9.999999974752427e-07,40649
,,,1e-06,,40699
149,40699.0,0.2373046875,,9.999999974752427e-07,40699
,,,1e-06,,40749
149,40749.0,0.23046875,,9.999999974752427e-07,40749
,,,1e-06,,40799
149,40799.0,0.232421875,,9.999999974752427e-07,40799
,,,1e-06,,40849
150,40849.0,0.2392578125,,9.999999974752427e-07,40849
,,,1e-06,,40899
150,40899.0,0.2412109375,,9.999999974752427e-07,40899
,,,1e-06,,40949
150,40949.0,0.23046875,,9.999999974752427e-07,40949
,,,1e-06,,40999
150,40999.0,0.251953125,,9.999999974752427e-07,40999
,,,1e-06,,41049
150,41049.0,0.23046875,,9.999999974752427e-07,41049
,,,1e-06,,41099
151,41099.0,0.2294921875,,9.999999974752427e-07,41099
,,,1e-06,,41149
151,41149.0,0.234375,,9.999999974752427e-07,41149
,,,1e-06,,41199
151,41199.0,0.2470703125,,9.999999974752427e-07,41199
,,,1e-06,,41249
151,41249.0,0.240234375,,9.999999974752427e-07,41249
,,,1e-06,,41299
151,41299.0,0.232421875,,9.999999974752427e-07,41299
,,,1e-06,,41349
152,41349.0,0.2294921875,,9.999999974752427e-07,41349
,,,1e-06,,41399
152,41399.0,0.2431640625,,9.999999974752427e-07,41399
,,,1e-06,,41449
152,41449.0,0.25,,9.999999974752427e-07,41449
,,,1e-06,,41499
152,41499.0,0.255859375,,9.999999974752427e-07,41499
,,,1e-06,,41549
152,41549.0,0.220703125,,9.999999974752427e-07,41549
,,,1e-06,,41599
152,41599.0,0.23046875,,9.999999974752427e-07,41599
,,,1e-06,,41649
153,41649.0,0.2421875,,9.999999974752427e-07,41649
,,,1e-06,,41699
153,41699.0,0.2421875,,9.999999974752427e-07,41699
,,,1e-06,,41749
153,41749.0,0.2392578125,,9.999999974752427e-07,41749
,,,1e-06,,41799
153,41799.0,0.228515625,,9.999999974752427e-07,41799
,,,1e-06,,41849
153,41849.0,0.23828125,,9.999999974752427e-07,41849
,,,1e-06,,41899
154,41899.0,0.2265625,,9.999999974752427e-07,41899
,,,1e-06,,41949
154,41949.0,0.2451171875,,9.999999974752427e-07,41949
,,,1e-06,,41999
154,41999.0,0.248046875,,9.999999974752427e-07,41999
,,,1e-06,,42049
154,42049.0,0.2421875,,9.999999974752427e-07,42049
,,,1e-06,,42099
154,42099.0,0.244140625,,9.999999974752427e-07,42099
,,,1e-06,,42149
154,42149.0,0.234375,,9.999999974752427e-07,42149
,,,1e-06,,42199
155,42199.0,0.2373046875,,9.999999974752427e-07,42199
,,,1e-06,,42249
155,42249.0,0.23046875,,9.999999974752427e-07,42249
,,,1e-06,,42299
155,42299.0,0.234375,,9.999999974752427e-07,42299
,,,1e-06,,42349
155,42349.0,0.232421875,,9.999999974752427e-07,42349
,,,1e-06,,42399
155,42399.0,0.23046875,,9.999999974752427e-07,42399
,,,1e-06,,42449
156,42449.0,0.23046875,,9.999999974752427e-07,42449
,,,1e-06,,42499
156,42499.0,0.2294921875,,9.999999974752427e-07,42499
,,,1e-06,,42549
156,42549.0,0.2294921875,,9.999999974752427e-07,42549
,,,1e-06,,42599
156,42599.0,0.23828125,,9.999999974752427e-07,42599
,,,1e-06,,42649
156,42649.0,0.236328125,,9.999999974752427e-07,42649
,,,1e-06,,42699
156,42699.0,0.2265625,,9.999999974752427e-07,42699
,,,1e-06,,42749
157,42749.0,0.228515625,,9.999999974752427e-07,42749
,,,1e-06,,42799
157,42799.0,0.2412109375,,9.999999974752427e-07,42799
,,,1e-06,,42849
157,42849.0,0.234375,,9.999999974752427e-07,42849
,,,1e-06,,42899
157,42899.0,0.251953125,,9.999999974752427e-07,42899
,,,1e-06,,42949
157,42949.0,0.23828125,,9.999999974752427e-07,42949
,,,1e-06,,42999
158,42999.0,0.2392578125,,9.999999974752427e-07,42999
,,,1e-06,,43049
158,43049.0,0.234375,,9.999999974752427e-07,43049
,,,1e-06,,43099
158,43099.0,0.2373046875,,9.999999974752427e-07,43099
,,,1e-06,,43149
158,43149.0,0.2421875,,9.999999974752427e-07,43149
,,,1e-06,,43199
158,43199.0,0.2431640625,,9.999999974752427e-07,43199
,,,1e-06,,43249
159,43249.0,0.2255859375,,9.999999974752427e-07,43249
,,,1e-06,,43299
159,43299.0,0.2451171875,,9.999999974752427e-07,43299
,,,1e-06,,43349
159,43349.0,0.2392578125,,9.999999974752427e-07,43349
,,,1e-06,,43399
159,43399.0,0.251953125,,9.999999974752427e-07,43399
,,,1e-06,,43449
159,43449.0,0.2275390625,,9.999999974752427e-07,43449
,,,1e-06,,43499
159,43499.0,0.22265625,,9.999999974752427e-07,43499
,,,1e-06,,43549
160,43549.0,0.24609375,,9.999999974752427e-07,43549
,,,1e-06,,43599
160,43599.0,0.234375,,9.999999974752427e-07,43599
,,,1e-06,,43649
160,43649.0,0.234375,,9.999999974752427e-07,43649
,,,1e-06,,43699
160,43699.0,0.2373046875,,9.999999974752427e-07,43699
,,,1e-06,,43749
160,43749.0,0.2353515625,,9.999999974752427e-07,43749
,,,1e-06,,43799
161,43799.0,0.2431640625,,9.999999974752427e-07,43799
,,,1e-06,,43849
161,43849.0,0.2373046875,,9.999999974752427e-07,43849
,,,1e-06,,43899
161,43899.0,0.2412109375,,9.999999974752427e-07,43899
,,,1e-06,,43949
161,43949.0,0.23828125,,9.999999974752427e-07,43949
,,,1e-06,,43999
161,43999.0,0.2392578125,,9.999999974752427e-07,43999
,,,1e-06,,44049
161,44049.0,0.2294921875,,9.999999974752427e-07,44049
,,,1e-06,,44099
162,44099.0,0.23046875,,9.999999974752427e-07,44099
,,,1e-06,,44149
162,44149.0,0.2275390625,,9.999999974752427e-07,44149
,,,1e-06,,44199
162,44199.0,0.2333984375,,9.999999974752427e-07,44199
,,,1e-06,,44249
162,44249.0,0.2353515625,,9.999999974752427e-07,44249
,,,1e-06,,44299
162,44299.0,0.23828125,,9.999999974752427e-07,44299
,,,1e-06,,44349
163,44349.0,0.216796875,,9.999999974752427e-07,44349
,,,1e-06,,44399
163,44399.0,0.251953125,,9.999999974752427e-07,44399
,,,1e-06,,44449
163,44449.0,0.234375,,9.999999974752427e-07,44449
,,,1e-06,,44499
163,44499.0,0.236328125,,9.999999974752427e-07,44499
,,,1e-06,,44549
163,44549.0,0.2236328125,,9.999999974752427e-07,44549
,,,1e-06,,44599
163,44599.0,0.234375,,9.999999974752427e-07,44599
,,,1e-06,,44649
164,44649.0,0.228515625,,9.999999974752427e-07,44649
,,,1e-06,,44699
164,44699.0,0.23828125,,9.999999974752427e-07,44699
,,,1e-06,,44749
164,44749.0,0.2421875,,9.999999974752427e-07,44749
,,,1e-06,,44799
164,44799.0,0.248046875,,9.999999974752427e-07,44799
,,,1e-06,,44849
164,44849.0,0.2373046875,,9.999999974752427e-07,44849
,,,1e-06,,44899
165,44899.0,0.251953125,,9.999999974752427e-07,44899
,,,1e-06,,44949
165,44949.0,0.2451171875,,9.999999974752427e-07,44949
,,,1e-06,,44999
165,44999.0,0.234375,,9.999999974752427e-07,44999
,,,1e-06,,45049
165,45049.0,0.2373046875,,9.999999974752427e-07,45049
,,,1e-06,,45099
165,45099.0,0.240234375,,9.999999974752427e-07,45099
,,,1e-06,,45149
165,45149.0,0.24609375,,9.999999974752427e-07,45149
,,,1e-06,,45199
166,45199.0,0.234375,,9.999999974752427e-07,45199
,,,1e-06,,45249
166,45249.0,0.2373046875,,9.999999974752427e-07,45249
,,,1e-06,,45299
166,45299.0,0.240234375,,9.999999974752427e-07,45299
,,,1e-06,,45349
166,45349.0,0.232421875,,9.999999974752427e-07,45349
,,,1e-06,,45399
166,45399.0,0.2333984375,,9.999999974752427e-07,45399
,,,1e-06,,45449
167,45449.0,0.251953125,,9.999999974752427e-07,45449
,,,1e-06,,45499
167,45499.0,0.2421875,,9.999999974752427e-07,45499
,,,1e-06,,45549
167,45549.0,0.2431640625,,9.999999974752427e-07,45549
,,,1e-06,,45599
167,45599.0,0.23046875,,9.999999974752427e-07,45599
,,,1e-06,,45649
167,45649.0,0.2421875,,9.999999974752427e-07,45649
,,,1e-06,,45699
168,45699.0,0.236328125,,9.999999974752427e-07,45699
,,,1e-06,,45749
168,45749.0,0.2353515625,,9.999999974752427e-07,45749
,,,1e-06,,45799
168,45799.0,0.251953125,,9.999999974752427e-07,45799
,,,1e-06,,45849
168,45849.0,0.22265625,,9.999999974752427e-07,45849
,,,1e-06,,45899
168,45899.0,0.2265625,,9.999999974752427e-07,45899
,,,1e-06,,45949
168,45949.0,0.2373046875,,9.999999974752427e-07,45949
,,,1e-06,,45999
169,45999.0,0.2275390625,,9.999999974752427e-07,45999
,,,1e-06,,46049
169,46049.0,0.224609375,,9.999999974752427e-07,46049
,,,1e-06,,46099
169,46099.0,0.2236328125,,9.999999974752427e-07,46099
,,,1e-06,,46149
169,46149.0,0.240234375,,9.999999974752427e-07,46149
,,,1e-06,,46199
169,46199.0,0.234375,,9.999999974752427e-07,46199
,,,1e-06,,46249
170,46249.0,0.2392578125,,9.999999974752427e-07,46249
,,,1e-06,,46299
170,46299.0,0.2314453125,,9.999999974752427e-07,46299
,,,1e-06,,46349
170,46349.0,0.2314453125,,9.999999974752427e-07,46349
,,,1e-06,,46399
170,46399.0,0.23828125,,9.999999974752427e-07,46399
,,,1e-06,,46449
170,46449.0,0.2373046875,,9.999999974752427e-07,46449
,,,1e-06,,46499
170,46499.0,0.2353515625,,9.999999974752427e-07,46499
,,,1e-06,,46549
171,46549.0,0.228515625,,9.999999974752427e-07,46549
,,,1e-06,,46599
171,46599.0,0.224609375,,9.999999974752427e-07,46599
,,,1e-06,,46649
171,46649.0,0.2373046875,,9.999999974752427e-07,46649
,,,1e-06,,46699
171,46699.0,0.2421875,,9.999999974752427e-07,46699
,,,1e-06,,46749
171,46749.0,0.2236328125,,9.999999974752427e-07,46749
,,,1e-06,,46799
172,46799.0,0.2265625,,9.999999974752427e-07,46799
,,,1e-06,,46849
172,46849.0,0.25,,9.999999974752427e-07,46849
